[Licensing::Module] Trying to connect to existing licensing client channel...
Built from '6000.3/staging' branch; Version is '6000.3.12f1 (fca03ac9b0d5) revision 16556090'; Using compiler version '194234433'; Build Type 'Release'
OS: 'Windows 11  (10.0.26200) CoreSingleLanguage' Language: 'en' Physical Memory: 15610 MB
BatchMode: 1, IsHumanControllingUs: 0, StartBugReporterOnCrash: 0, Is64bit: 1
System  architecture: x64
Process architecture: x64
[Licensing::IpcConnector] Successfully connected to: "LicenseClient-hoang" at "2026-06-07T15:20:45.4023283Z"
Date: 2026-06-07T15:20:45Z

COMMAND LINE ARGUMENTS:
C:\Program Files\Unity\Hub\Editor\6000.3.12f1\Editor\Unity.exe
-adb2
-batchMode
-noUpm
-name
AssetImportWorker1
-projectPath
F:/UnityProject/BTL_UngDungGame/BTL
-logFile
Logs/AssetImportWorker1.log
-srvPort
51471
-licensingIpc
LicenseClient-hoang
-job-worker-count
7
-background-job-worker-count
8
-gc-helper-count
1
-name
AssetImport
Successfully changed project path to: F:/UnityProject/BTL_UngDungGame/BTL
F:/UnityProject/BTL_UngDungGame/BTL
[UnityMemory] Configuration Parameters - Can be set up in boot.config
    "memorysetup-temp-allocator-size-nav-mesh-worker=65536"
    "memorysetup-temp-allocator-size-audio-worker=65536"
    "memorysetup-temp-allocator-size-gfx=262144"
    "memorysetup-allocator-temp-initial-block-size-main=262144"
    "memorysetup-allocator-temp-initial-block-size-worker=262144"
    "memorysetup-temp-allocator-size-background-worker=32768"
    "memorysetup-temp-allocator-size-job-worker=262144"
    "memorysetup-temp-allocator-size-preload-manager=33554432"
    "memorysetup-temp-allocator-size-gi-baking-worker=262144"
    "memorysetup-temp-allocator-size-gi-baking-worker=262144"
    "memorysetup-temp-allocator-size-gi-baking-worker=262144"
    "memorysetup-temp-allocator-size-gi-baking-worker=262144"
    "memorysetup-temp-allocator-size-gi-baking-worker=262144"
    "memorysetup-bucket-allocator-granularity=16"
    "memorysetup-bucket-allocator-bucket-count=8"
    "memorysetup-bucket-allocator-block-size=33554432"
    "memorysetup-bucket-allocator-block-count=8"
    "memorysetup-main-allocator-block-size=16777216"
    "memorysetup-thread-allocator-block-size=16777216"
    "memorysetup-gfx-main-allocator-block-size=16777216"
    "memorysetup-gfx-thread-allocator-block-size=16777216"
    "memorysetup-cache-allocator-block-size=4194304"
    "memorysetup-typetree-allocator-block-size=2097152"
    "memorysetup-profiler-bucket-allocator-granularity=16"
    "memorysetup-profiler-bucket-allocator-bucket-count=8"
    "memorysetup-profiler-bucket-allocator-block-size=33554432"
    "memorysetup-profiler-bucket-allocator-block-count=8"
    "memorysetup-profiler-allocator-block-size=16777216"
    "memorysetup-profiler-editor-allocator-block-size=1048576"
    "memorysetup-temp-allocator-size-main=16777216"
    "memorysetup-job-temp-allocator-block-size=2097152"
    "memorysetup-job-temp-allocator-block-size-background=1048576"
    "memorysetup-job-temp-allocator-reduction-small-platforms=262144"
    "memorysetup-temp-allocator-size-cloud-worker=32768"
Player connection [35380]  Target information:

Player connection [35380]  * "[IP] 192.168.1.85 [Port] 0 [Flags] 2 [Guid] 978168811 [EditorId] 978168811 [Version] 1048832 [Id] WindowsEditor(7,DK13n) [Debug] 1 [PackageName] WindowsEditor [ProjectName] Editor" 

Player connection [35380]  * "[IP] 172.22.32.1 [Port] 0 [Flags] 2 [Guid] 978168811 [EditorId] 978168811 [Version] 1048832 [Id] WindowsEditor(7,DK13n) [Debug] 1 [PackageName] WindowsEditor [ProjectName] Editor" 

Player connection [35380]  * "[IP] 192.168.102.3 [Port] 0 [Flags] 2 [Guid] 978168811 [EditorId] 978168811 [Version] 1048832 [Id] WindowsEditor(7,DK13n) [Debug] 1 [PackageName] WindowsEditor [ProjectName] Editor" 

Player connection [35380] Host joined multi-casting on [225.0.0.222:54997]...
Player connection [35380] Host joined alternative multi-casting on [225.0.0.222:34997]...
JobSystem: Creating JobQueue using job-worker-count value 7
Input System module state changed to: Initialized.
[Physics::Module] Initialized fallback backend.
[Physics::Module] Id: 0xdecafbad
Library Redirect Path: Library/
[Physics::Module] Selected backend.
[Physics::Module] Name: PhysX
[Physics::Module] Id: 0xf2b8ea05
[Physics::Module] SDK Version: 4.1.2
[Physics::Module] Integration Version: 1.0.0
[Physics::Module] Threading Mode: Multi-Threaded
Refreshing native plugins compatible for Editor in 5.73 ms, found 4 plugins.
Preloading 0 native plugins for Editor in 0.00 ms.
Initialize engine version: 6000.3.12f1 (fca03ac9b0d5)
[Subsystems] Discovering subsystems at path C:/Program Files/Unity/Hub/Editor/6000.3.12f1/Editor/Data/Resources/UnitySubsystems
[Subsystems] Discovering subsystems at path F:/UnityProject/BTL_UngDungGame/BTL/Assets
GfxDevice: creating device client; kGfxThreadingModeNonThreaded
Direct3D:
    Version:  Direct3D 11.0 [level 11.1]
    Renderer: NVIDIA GeForce RTX 4050 Laptop GPU (ID=0x28e1)
    Vendor:   NVIDIA
    VRAM:     5920 MB
    Driver:   32.0.15.9186
Initialize mono
Mono path[0] = 'C:/Program Files/Unity/Hub/Editor/6000.3.12f1/Editor/Data/Managed'
Mono path[1] = 'C:/Program Files/Unity/Hub/Editor/6000.3.12f1/Editor/Data/MonoBleedingEdge/lib/mono/unityjit-win32'
Mono config path = 'C:/Program Files/Unity/Hub/Editor/6000.3.12f1/Editor/Data/MonoBleedingEdge/etc'
Using monoOptions --debugger-agent=transport=dt_socket,embedding=1,server=y,suspend=n,address=127.0.0.1:56080
Begin MonoManager ReloadAssembly
Registering precompiled unity dll's ...
Register platform support module: C:/Program Files/Unity/Hub/Editor/6000.3.12f1/Editor/Data/PlaybackEngines/WindowsStandaloneSupport/UnityEditor.WindowsStandalone.Extensions.dll
Registered in 0.002858 seconds.
- Loaded All Assemblies, in  0.829 seconds
Native extension for WindowsStandalone target not found
Package Manager log level set to [2]
[Package Manager] Failed to launch server process. Reason: Unity was launched with the -noUpm command-line argument
[Package Manager] Unable to send message (not connected to server process).
[Package Manager] Cannot connect to Unity Package Manager local server
ScheduleIndexationOnStartup MainProcess:False IndexOnStartup:True
Mono: successfully reloaded assembly
- Finished resetting the current domain, in  0.891 seconds
Domain Reload Profiling: 1715ms
	BeginReloadAssembly (265ms)
		ExecutionOrderSort (0ms)
		DisableScriptedObjects (0ms)
		BackupInstance (0ms)
		ReleaseScriptingObjects (0ms)
		CreateAndSetChildDomain (1ms)
	RebuildCommonClasses (74ms)
	RebuildNativeTypeToScriptingClass (27ms)
	initialDomainReloadingComplete (95ms)
	LoadAllAssembliesAndSetupDomain (362ms)
		LoadAssemblies (259ms)
		RebuildTransferFunctionScriptingTraits (0ms)
		AnalyzeDomain (357ms)
			TypeCache.Refresh (354ms)
				TypeCache.ScanAssembly (326ms)
			BuildScriptInfoCaches (0ms)
			ResolveRequiredComponents (1ms)
	FinalizeReload (892ms)
		ReleaseScriptCaches (0ms)
		RebuildScriptCaches (0ms)
		SetupLoadedEditorAssemblies (790ms)
			LogAssemblyErrors (0ms)
			InitializePlatformSupportModulesInManaged (90ms)
			SetLoadedEditorAssemblies (8ms)
			BeforeProcessingInitializeOnLoad (180ms)
			ProcessInitializeOnLoadAttributes (330ms)
			ProcessInitializeOnLoadMethodAttributes (182ms)
			AfterProcessingInitializeOnLoad (0ms)
			EditorAssembliesLoaded (0ms)
		ExecutionOrderSort2 (0ms)
		AwakeInstancesAfterBackupRestoration (0ms)
Assembly reference Packages/com.unity.cinemachine/Editor/Samples/ExposeHDRPInternals/HDRP-Editor-ref.asmref has no target assembly definition
========================================================================
Worker process is ready to serve import requests
Import Worker Mode flag is 0x00
Assembly reference Packages/com.unity.cinemachine/Editor/Samples/ExposeHDRPInternals/HDRP-Editor-ref.asmref has no target assembly definition
Assembly reference Packages/com.unity.cinemachine/Editor/Samples/ExposeHDRPInternals/HDRP-Editor-ref.asmref has no target assembly definition
Begin MonoManager ReloadAssembly
[Licensing::Module] Licensing is not yet initialized.
[Licensing::Client] Error: HandshakeResponse reported an error:
	ResponseCode: 505
	ResponseStatus: Unsupported protocol version '1.18.1'.
[Licensing::Module] Error: Failed to handshake to channel: "LicenseClient-hoang"
[Licensing::IpcConnector] LicenseClient-hoang channel disconnected successfully.
[Licensing::IpcConnector] Successfully connected to: "LicenseClient-hoang-6000.3.12" at "2026-06-07T15:20:49.8835411Z"
[Licensing::Client] Handshaking with LicensingClient:
  Version:                 1.18.1+9fbee8e
  Session Id:              3a9689e8d13e4baa88c86a9258f226cf
  Correlation Id:          e0d220223912dc35919071cd9ede95e8
  External correlation Id: 4544409747019566731
  Machine Id:              VMKfSQCRXVRatjcEIc24mmdE26A=
[Licensing::Module] Successfully connected to LicensingClient on channel: "LicenseClient-hoang-6000.3.12" (connect: 0.00s, validation: 0.00s, handshake: 4.15s)
[Licensing::IpcConnector] Successfully connected to: "LicenseClient-hoang-6000.3.12-notifications" at "2026-06-07T15:20:54.0405208Z"
[Licensing::Module] Licensing Background thread has ended after 8.64s
[Licensing::Module] Licensing is initialized (took 4.90s).
[Licensing::Client] Successfully resolved entitlement details
[Licensing::Module] License group:
  Id: 18968393972782-UnityPersXXXX
  Product: Unity Personal
  Type: Assigned
  Expiration: Unlimited
Symbol file LoadedFromMemory is not a mono symbol file
- Loaded All Assemblies, in  6.634 seconds
Assembly reference Packages/com.unity.cinemachine/Editor/Samples/ExposeHDRPInternals/HDRP-Editor-ref.asmref has no target assembly definition
'Packages/com.unity.cinemachine/Editor/Obsolete/CinemachineVirtualCameraBaseEditor.cs' contains partial class of Unity.Object, exactly 1 of the partial classes needs to be in a file with the same filename. This is to know the one that can be referenced from ie. GameObjects
'Packages/com.unity.cinemachine/Editor/Editors/CinemachineVirtualCameraBaseEditor.cs' contains partial class of Unity.Object, exactly 1 of the partial classes needs to be in a file with the same filename. This is to know the one that can be referenced from ie. GameObjects
Refreshing native plugins compatible for Editor in 2.01 ms, found 4 plugins.
Native extension for WindowsStandalone target not found
Assembly reference Packages/com.unity.cinemachine/Editor/Samples/ExposeHDRPInternals/HDRP-Editor-ref.asmref has no target assembly definition
[Package Manager] Failed to launch server process. Reason: Unity was launched with the -noUpm command-line argument
[Package Manager] Unable to send message (not connected to server process).
[Package Manager] Cannot connect to Unity Package Manager local server
[Package Manager] Failed to launch server process. Reason: Unity was launched with the -noUpm command-line argument
[Package Manager] Unable to send message (not connected to server process).
[Package Manager] Cannot connect to Unity Package Manager local server
[Package Manager] Failed to launch server process. Reason: Unity was launched with the -noUpm command-line argument
[Package Manager] Unable to send message (not connected to server process).
[Package Manager] Cannot connect to Unity Package Manager local server
ScheduleIndexationOnStartup MainProcess:False IndexOnStartup:True
Mono: successfully reloaded assembly
- Finished resetting the current domain, in  2.008 seconds
Domain Reload Profiling: 8636ms
	BeginReloadAssembly (5233ms)
		ExecutionOrderSort (0ms)
		DisableScriptedObjects (11ms)
		BackupInstance (0ms)
		ReleaseScriptingObjects (0ms)
		CreateAndSetChildDomain (46ms)
	RebuildCommonClasses (72ms)
	RebuildNativeTypeToScriptingClass (25ms)
	initialDomainReloadingComplete (85ms)
	LoadAllAssembliesAndSetupDomain (1212ms)
		LoadAssemblies (757ms)
		RebuildTransferFunctionScriptingTraits (0ms)
		AnalyzeDomain (643ms)
			TypeCache.Refresh (463ms)
				TypeCache.ScanAssembly (427ms)
			BuildScriptInfoCaches (149ms)
			ResolveRequiredComponents (23ms)
	FinalizeReload (2008ms)
		ReleaseScriptCaches (0ms)
		RebuildScriptCaches (0ms)
		SetupLoadedEditorAssemblies (1733ms)
			LogAssemblyErrors (0ms)
			InitializePlatformSupportModulesInManaged (3ms)
			SetLoadedEditorAssemblies (7ms)
			BeforeProcessingInitializeOnLoad (284ms)
			ProcessInitializeOnLoadAttributes (1133ms)
			ProcessInitializeOnLoadMethodAttributes (296ms)
			AfterProcessingInitializeOnLoad (10ms)
			EditorAssembliesLoaded (1ms)
		ExecutionOrderSort2 (0ms)
		AwakeInstancesAfterBackupRestoration (11ms)
Launched and connected shader compiler UnityShaderCompiler.exe after 0.02 seconds
Refreshing native plugins compatible for Editor in 2.46 ms, found 4 plugins.
Preloading 0 native plugins for Editor in 0.00 ms.
Unloading 17 Unused Serialized files (Serialized files now loaded: 0)
Unloading 7590 unused Assets / (5.3 MB). Loaded Objects now: 8408.
Memory consumption went from 158.6 MB to 153.3 MB.
Total: 17.488300 ms (FindLiveObjects: 1.427800 ms CreateObjectMapping: 1.288000 ms MarkObjects: 10.353300 ms  DeleteObjects: 4.417400 ms)

========================================================================
Received Import Request.
  Time since last request: 705890.922493 seconds.
  path: Assets/Undead_tileset/PNG/Animation2.png
  artifactKey: Guid(93a147538ea39784dabbcd5a6ecfd693) Importer(815301076,1909f56bfc062723c751e8b465ee728b)
Start importing Assets/Undead_tileset/PNG/Animation2.png using Guid(93a147538ea39784dabbcd5a6ecfd693) Importer(815301076,1909f56bfc062723c751e8b465ee728b) (PreviewImporter) -> (artifact id: '0b547d980f4e84bdd5dd28c9fd8862db') in 0.3982115 seconds
Number of updated asset objects reloaded before import = 0Number of asset objects unloaded after import = 20

========================================================================
Received Import Request.
  Time since last request: 0.000067 seconds.
  path: Assets/Undead_tileset/PNG/Ground_rocks.png
  artifactKey: Guid(c8caa3a1ca63aec48b8652a8a7e48f2f) Importer(815301076,1909f56bfc062723c751e8b465ee728b)
Start importing Assets/Undead_tileset/PNG/Ground_rocks.png using Guid(c8caa3a1ca63aec48b8652a8a7e48f2f) Importer(815301076,1909f56bfc062723c751e8b465ee728b) (PreviewImporter) -> (artifact id: '3a57b9c7a4706e39cbbd78cb1c163f8d') in 0.1859226 seconds
Number of updated asset objects reloaded before import = 0Number of asset objects unloaded after import = 31

========================================================================
Received Import Request.
  Time since last request: 0.000042 seconds.
  path: Assets/Undead_tileset/PNG/Water_coasts.png
  artifactKey: Guid(8c07a696d8c311e46bef3795b9d90b9d) Importer(815301076,1909f56bfc062723c751e8b465ee728b)
Start importing Assets/Undead_tileset/PNG/Water_coasts.png using Guid(8c07a696d8c311e46bef3795b9d90b9d) Importer(815301076,1909f56bfc062723c751e8b465ee728b) (PreviewImporter) -> (artifact id: '7e25e597baee0b1febe57d1c0a3c3976') in 0.1451431 seconds
Number of updated asset objects reloaded before import = 0Number of asset objects unloaded after import = 25

========================================================================
Received Import Request.
  Time since last request: 0.000034 seconds.
  path: Assets/Undead_tileset/PNG/water_detilazation_v2.png
  artifactKey: Guid(cdbfaf9e9c498b442aa37ecb964995cb) Importer(815301076,1909f56bfc062723c751e8b465ee728b)
Start importing Assets/Undead_tileset/PNG/water_detilazation_v2.png using Guid(cdbfaf9e9c498b442aa37ecb964995cb) Importer(815301076,1909f56bfc062723c751e8b465ee728b) (PreviewImporter) -> (artifact id: 'ab7075dd66d754bba209bb7005df9494') in 0.5941751 seconds
Number of updated asset objects reloaded before import = 0Number of asset objects unloaded after import = 136

========================================================================
Received Import Request.
  Time since last request: 0.000044 seconds.
  path: Assets/Undead_tileset/PNG/Animation5.png
  artifactKey: Guid(c7397a6dd2a3523419027af420c1b12c) Importer(815301076,1909f56bfc062723c751e8b465ee728b)
Start importing Assets/Undead_tileset/PNG/Animation5.png using Guid(c7397a6dd2a3523419027af420c1b12c) Importer(815301076,1909f56bfc062723c751e8b465ee728b) (PreviewImporter) -> (artifact id: 'c70802298ec4329f97c81b3ebd03a8f8') in 0.1155182 seconds
Number of updated asset objects reloaded before import = 0Number of asset objects unloaded after import = 20

========================================================================
Received Import Request.
  Time since last request: 0.000037 seconds.
  path: Assets/Undead_tileset/PNG/Animation3.png
  artifactKey: Guid(f0cc53cb80323b94096176beb3df8265) Importer(815301076,1909f56bfc062723c751e8b465ee728b)
Start importing Assets/Undead_tileset/PNG/Animation3.png using Guid(f0cc53cb80323b94096176beb3df8265) Importer(815301076,1909f56bfc062723c751e8b465ee728b) (PreviewImporter) -> (artifact id: 'd7ae02b9c80266d4e756e7ab81ba864b') in 0.1192082 seconds
Number of updated asset objects reloaded before import = 0Number of asset objects unloaded after import = 20

========================================================================
Received Import Request.
  Time since last request: 0.000030 seconds.
  path: Assets/Undead_tileset/PNG/water_detilazation.png
  artifactKey: Guid(2ec076c1386ddad4b8c4436ef3b755e6) Importer(815301076,1909f56bfc062723c751e8b465ee728b)
Start importing Assets/Undead_tileset/PNG/water_detilazation.png using Guid(2ec076c1386ddad4b8c4436ef3b755e6) Importer(815301076,1909f56bfc062723c751e8b465ee728b) (PreviewImporter) -> (artifact id: 'bc76564d7768071a1c6204b6c9295e84') in 0.5212048 seconds
Number of updated asset objects reloaded before import = 0Number of asset objects unloaded after import = 136

========================================================================
Received Import Request.
  Time since last request: 14.586156 seconds.
  path: Assets/Undead_tileset/Tiled_files/Objects.png
  artifactKey: Guid(aefffca5554fbee4faa0ad94f9f674de) Importer(815301076,1909f56bfc062723c751e8b465ee728b)
Start importing Assets/Undead_tileset/Tiled_files/Objects.png using Guid(aefffca5554fbee4faa0ad94f9f674de) Importer(815301076,1909f56bfc062723c751e8b465ee728b) (PreviewImporter) -> (artifact id: '1b784f942cb631eb1663fc66d9c4773c') in 1.0414548 seconds
Number of updated asset objects reloaded before import = 0Number of asset objects unloaded after import = 242

========================================================================
Received Import Request.
  Time since last request: 0.000032 seconds.
  path: Assets/Undead_tileset/Tiled_files/water_detilazation_v2.png
  artifactKey: Guid(81fe7a85c66a2794cb8dff86874c8e03) Importer(815301076,1909f56bfc062723c751e8b465ee728b)
Start importing Assets/Undead_tileset/Tiled_files/water_detilazation_v2.png using Guid(81fe7a85c66a2794cb8dff86874c8e03) Importer(815301076,1909f56bfc062723c751e8b465ee728b) (PreviewImporter) -> (artifact id: '3782e3a80b4e4b56c2d3ce3e95346195') in 0.4208364 seconds
Number of updated asset objects reloaded before import = 0Number of asset objects unloaded after import = 136

========================================================================
Received Import Request.
  Time since last request: 41.949583 seconds.
  path: Assets/Tiles/Bushe4_0.asset
  artifactKey: Guid(69f9f6f4d9a18204bb6e484526223cf9) Importer(815301076,1909f56bfc062723c751e8b465ee728b)
Start importing Assets/Tiles/Bushe4_0.asset using Guid(69f9f6f4d9a18204bb6e484526223cf9) Importer(815301076,1909f56bfc062723c751e8b465ee728b) (PreviewImporter) -> (artifact id: '280c11f77c2cc0d555062f7db5782a2e') in 0.0905787 seconds
Number of updated asset objects reloaded before import = 0Number of asset objects unloaded after import = 3

========================================================================
Received Import Request.
  Time since last request: 0.000039 seconds.
  path: Assets/Tiles/Bushe4_5.asset
  artifactKey: Guid(fbadddb456f3bba4cb13c7a0253e5ece) Importer(815301076,1909f56bfc062723c751e8b465ee728b)
Start importing Assets/Tiles/Bushe4_5.asset using Guid(fbadddb456f3bba4cb13c7a0253e5ece) Importer(815301076,1909f56bfc062723c751e8b465ee728b) (PreviewImporter) -> (artifact id: '4598e07cc3918bc8ff77621b63a506da') in 0.0293906 seconds
Number of updated asset objects reloaded before import = 0Number of asset objects unloaded after import = 3

========================================================================
Received Import Request.
  Time since last request: 0.000051 seconds.
  path: Assets/Tiles/Tilemap_color1_33.asset
  artifactKey: Guid(22400ba7eb0aab44bbf2eb4d218d1fa9) Importer(815301076,1909f56bfc062723c751e8b465ee728b)
Start importing Assets/Tiles/Tilemap_color1_33.asset using Guid(22400ba7eb0aab44bbf2eb4d218d1fa9) Importer(815301076,1909f56bfc062723c751e8b465ee728b) (PreviewImporter) -> (artifact id: '1f90775ab8d382c3c8cb91dbaf872e35') in 0.0047898 seconds
Number of updated asset objects reloaded before import = 0Number of asset objects unloaded after import = 1

========================================================================
Received Import Request.
  Time since last request: 0.000024 seconds.
  path: Assets/Tiles/Tilemap_color1_15.asset
  artifactKey: Guid(59fb3f3ac1ce4bf40ad349b66bebacde) Importer(815301076,1909f56bfc062723c751e8b465ee728b)
Start importing Assets/Tiles/Tilemap_color1_15.asset using Guid(59fb3f3ac1ce4bf40ad349b66bebacde) Importer(815301076,1909f56bfc062723c751e8b465ee728b) (PreviewImporter) -> (artifact id: '904799479c2b7cf3770ff06c4f19afdc') in 0.0042969 seconds
Number of updated asset objects reloaded before import = 0Number of asset objects unloaded after import = 1

========================================================================
Received Import Request.
  Time since last request: 0.000024 seconds.
  path: Assets/Tiles/Tilemap_color1_22.asset
  artifactKey: Guid(5012110838bbb2945837fa8192243743) Importer(815301076,1909f56bfc062723c751e8b465ee728b)
Start importing Assets/Tiles/Tilemap_color1_22.asset using Guid(5012110838bbb2945837fa8192243743) Importer(815301076,1909f56bfc062723c751e8b465ee728b) (PreviewImporter) -> (artifact id: 'a30fa876d123095c640e8653bb1205fc') in 0.0051672 seconds
Number of updated asset objects reloaded before import = 0Number of asset objects unloaded after import = 1

========================================================================
Received Import Request.
  Time since last request: 0.000027 seconds.
  path: Assets/Tiles/Tilemap_color1_20.asset
  artifactKey: Guid(e17012927bc65cb48a845bb6d6844fec) Importer(815301076,1909f56bfc062723c751e8b465ee728b)
Start importing Assets/Tiles/Tilemap_color1_20.asset using Guid(e17012927bc65cb48a845bb6d6844fec) Importer(815301076,1909f56bfc062723c751e8b465ee728b) (PreviewImporter) -> (artifact id: '9cc9c4f9d4174dd658373d5091b143a0') in 0.0050067 seconds
Number of updated asset objects reloaded before import = 0Number of asset objects unloaded after import = 1

========================================================================
Received Import Request.
  Time since last request: 0.000053 seconds.
  path: Assets/Tiles/Tilemap_color1_26.asset
  artifactKey: Guid(c8e8c22488cb17246addb82de4f790c0) Importer(815301076,1909f56bfc062723c751e8b465ee728b)
Start importing Assets/Tiles/Tilemap_color1_26.asset using Guid(c8e8c22488cb17246addb82de4f790c0) Importer(815301076,1909f56bfc062723c751e8b465ee728b) (PreviewImporter) -> (artifact id: '9675cc7e1cf93f7fd92bbce11a25a29c') in 0.0047506 seconds
Number of updated asset objects reloaded before import = 0Number of asset objects unloaded after import = 1

========================================================================
Received Import Request.
  Time since last request: 0.000029 seconds.
  path: Assets/Tiles/Tilemap_color1_31.asset
  artifactKey: Guid(1506a9f088f706446bbb87c841412dd5) Importer(815301076,1909f56bfc062723c751e8b465ee728b)
Start importing Assets/Tiles/Tilemap_color1_31.asset using Guid(1506a9f088f706446bbb87c841412dd5) Importer(815301076,1909f56bfc062723c751e8b465ee728b) (PreviewImporter) -> (artifact id: '551fc15ccf50eda25058b75d52672f18') in 0.0045328 seconds
Number of updated asset objects reloaded before import = 0Number of asset objects unloaded after import = 1

========================================================================
Received Import Request.
  Time since last request: 0.000024 seconds.
  path: Assets/Tiles/Bushe4_4.asset
  artifactKey: Guid(6c02b0f5abb5960478443ae643bc7468) Importer(815301076,1909f56bfc062723c751e8b465ee728b)
Start importing Assets/Tiles/Bushe4_4.asset using Guid(6c02b0f5abb5960478443ae643bc7468) Importer(815301076,1909f56bfc062723c751e8b465ee728b) (PreviewImporter) -> (artifact id: 'b22c831cd0e419ec13e9026fccb57d94') in 0.0266688 seconds
Number of updated asset objects reloaded before import = 0Number of asset objects unloaded after import = 3

========================================================================
Received Import Request.
  Time since last request: 0.000036 seconds.
  path: Assets/Tiles/Tilemap_color1_13.asset
  artifactKey: Guid(c3314496766fa2a42a0fb684609b6527) Importer(815301076,1909f56bfc062723c751e8b465ee728b)
Start importing Assets/Tiles/Tilemap_color1_13.asset using Guid(c3314496766fa2a42a0fb684609b6527) Importer(815301076,1909f56bfc062723c751e8b465ee728b) (PreviewImporter) -> (artifact id: '04c4452ed524c8c43e6aeddc66be62a2') in 0.0053482 seconds
Number of updated asset objects reloaded before import = 0Number of asset objects unloaded after import = 1

========================================================================
Received Import Request.
  Time since last request: 0.000040 seconds.
  path: Assets/Tiles/Tilemap_color1_5.asset
  artifactKey: Guid(19bd7ad03ceb81640960cc367ada9d4e) Importer(815301076,1909f56bfc062723c751e8b465ee728b)
Start importing Assets/Tiles/Tilemap_color1_5.asset using Guid(19bd7ad03ceb81640960cc367ada9d4e) Importer(815301076,1909f56bfc062723c751e8b465ee728b) (PreviewImporter) -> (artifact id: 'e6ad2bd48b7f0b6e0f5897f0876e175e') in 0.0053604 seconds
Number of updated asset objects reloaded before import = 0Number of asset objects unloaded after import = 1

========================================================================
Received Import Request.
  Time since last request: 0.000025 seconds.
  path: Assets/Tiles/Tilemap_color1_14.asset
  artifactKey: Guid(90acaaa39f5cabc4fad562cdb1900a12) Importer(815301076,1909f56bfc062723c751e8b465ee728b)
Start importing Assets/Tiles/Tilemap_color1_14.asset using Guid(90acaaa39f5cabc4fad562cdb1900a12) Importer(815301076,1909f56bfc062723c751e8b465ee728b) (PreviewImporter) -> (artifact id: '6394ca1e1da4a0a1082339be575d44b5') in 0.0052903 seconds
Number of updated asset objects reloaded before import = 0Number of asset objects unloaded after import = 1

========================================================================
Received Import Request.
  Time since last request: 0.000025 seconds.
  path: Assets/Tiles/Tilemap_color1_4.asset
  artifactKey: Guid(b9713b2813fb2cb47ad00eed56b2bf95) Importer(815301076,1909f56bfc062723c751e8b465ee728b)
Start importing Assets/Tiles/Tilemap_color1_4.asset using Guid(b9713b2813fb2cb47ad00eed56b2bf95) Importer(815301076,1909f56bfc062723c751e8b465ee728b) (PreviewImporter) -> (artifact id: '928ecc034e2563d12b71857040e5c139') in 0.0043791 seconds
Number of updated asset objects reloaded before import = 0Number of asset objects unloaded after import = 1

========================================================================
Received Import Request.
  Time since last request: 0.000035 seconds.
  path: Assets/Tiles/Tilemap_color1_41.asset
  artifactKey: Guid(e94fd971bc012084bbb0a92f5a75e54b) Importer(815301076,1909f56bfc062723c751e8b465ee728b)
Start importing Assets/Tiles/Tilemap_color1_41.asset using Guid(e94fd971bc012084bbb0a92f5a75e54b) Importer(815301076,1909f56bfc062723c751e8b465ee728b) (PreviewImporter) -> (artifact id: 'f54af76ba890c758c78eaab4e2020350') in 0.0048794 seconds
Number of updated asset objects reloaded before import = 0Number of asset objects unloaded after import = 1

========================================================================
Received Import Request.
  Time since last request: 0.000042 seconds.
  path: Assets/Tiles/Tilemap_color1_39.asset
  artifactKey: Guid(d80b71e2a502cf54fbf557b149458401) Importer(815301076,1909f56bfc062723c751e8b465ee728b)
Start importing Assets/Tiles/Tilemap_color1_39.asset using Guid(d80b71e2a502cf54fbf557b149458401) Importer(815301076,1909f56bfc062723c751e8b465ee728b) (PreviewImporter) -> (artifact id: '155a2873b8f05f390cd0e62a0a0da3ad') in 0.0050884 seconds
Number of updated asset objects reloaded before import = 0Number of asset objects unloaded after import = 1

========================================================================
Received Import Request.
  Time since last request: 0.000023 seconds.
  path: Assets/Tiles/Tilemap_color2_1.asset
  artifactKey: Guid(54d39e5c76940af40854390f61f91684) Importer(815301076,1909f56bfc062723c751e8b465ee728b)
Start importing Assets/Tiles/Tilemap_color2_1.asset using Guid(54d39e5c76940af40854390f61f91684) Importer(815301076,1909f56bfc062723c751e8b465ee728b) (PreviewImporter) -> (artifact id: 'f475d71794fc833d35a9d5aa7a9f76f1') in 0.0270013 seconds
Number of updated asset objects reloaded before import = 0Number of asset objects unloaded after import = 3

========================================================================
Received Import Request.
  Time since last request: 0.000028 seconds.
  path: Assets/Tiles/New Palette.prefab
  artifactKey: Guid(902063dda5991b84b945ce3754ecb899) Importer(815301076,1909f56bfc062723c751e8b465ee728b)
Start importing Assets/Tiles/New Palette.prefab using Guid(902063dda5991b84b945ce3754ecb899) Importer(815301076,1909f56bfc062723c751e8b465ee728b) (PreviewImporter) -> (artifact id: '382fa0280e27a66c6cbb92b976708f77') in 1.0140014 seconds
Number of updated asset objects reloaded before import = 0Number of asset objects unloaded after import = 433

========================================================================
Received Import Request.
  Time since last request: 0.998376 seconds.
  path: Assets/Tiles/Tilemap_color2_4.asset
  artifactKey: Guid(854ba6e498e990746a1101a1d4a3ddd4) Importer(815301076,1909f56bfc062723c751e8b465ee728b)
Start importing Assets/Tiles/Tilemap_color2_4.asset using Guid(854ba6e498e990746a1101a1d4a3ddd4) Importer(815301076,1909f56bfc062723c751e8b465ee728b) (PreviewImporter) -> (artifact id: '1b3ec5493a13959d8e900f009f25fd99') in 0.0277275 seconds
Number of updated asset objects reloaded before import = 0Number of asset objects unloaded after import = 3

========================================================================
Received Import Request.
  Time since last request: 0.000038 seconds.
  path: Assets/Tiles/Tilemap_color2_11.asset
  artifactKey: Guid(fea6abdef17a9e04691239dd2d9c7514) Importer(815301076,1909f56bfc062723c751e8b465ee728b)
Start importing Assets/Tiles/Tilemap_color2_11.asset using Guid(fea6abdef17a9e04691239dd2d9c7514) Importer(815301076,1909f56bfc062723c751e8b465ee728b) (PreviewImporter) -> (artifact id: 'bc9eaef764040cef049701d1ac692f30') in 0.0212933 seconds
Number of updated asset objects reloaded before import = 0Number of asset objects unloaded after import = 3

========================================================================
Received Import Request.
  Time since last request: 0.000050 seconds.
  path: Assets/Tiles/Tilemap_color2_35.asset
  artifactKey: Guid(8aef8678f8b7b8c40819317e076a93ad) Importer(815301076,1909f56bfc062723c751e8b465ee728b)
Start importing Assets/Tiles/Tilemap_color2_35.asset using Guid(8aef8678f8b7b8c40819317e076a93ad) Importer(815301076,1909f56bfc062723c751e8b465ee728b) (PreviewImporter) -> (artifact id: '915f20713548facfd64f0cbcbd3d3b67') in 0.025512 seconds
Number of updated asset objects reloaded before import = 0Number of asset objects unloaded after import = 3

========================================================================
Received Import Request.
  Time since last request: 0.000039 seconds.
  path: Assets/Tiles/Tilemap_color2_30.asset
  artifactKey: Guid(aec56418895ea304284e2d6418387018) Importer(815301076,1909f56bfc062723c751e8b465ee728b)
Start importing Assets/Tiles/Tilemap_color2_30.asset using Guid(aec56418895ea304284e2d6418387018) Importer(815301076,1909f56bfc062723c751e8b465ee728b) (PreviewImporter) -> (artifact id: 'ee3af638d689cef885ad36265103604e') in 0.0209722 seconds
Number of updated asset objects reloaded before import = 0Number of asset objects unloaded after import = 3

========================================================================
Received Import Request.
  Time since last request: 0.000032 seconds.
  path: Assets/Tiles/Tilemap_color2_26.asset
  artifactKey: Guid(b3dbb7b4e9a8c8946a2225276494990a) Importer(815301076,1909f56bfc062723c751e8b465ee728b)
Start importing Assets/Tiles/Tilemap_color2_26.asset using Guid(b3dbb7b4e9a8c8946a2225276494990a) Importer(815301076,1909f56bfc062723c751e8b465ee728b) (PreviewImporter) -> (artifact id: '9c873de781dd2304213b6c2dd0c3ba2f') in 0.0236587 seconds
Number of updated asset objects reloaded before import = 0Number of asset objects unloaded after import = 3

========================================================================
Received Import Request.
  Time since last request: 0.000041 seconds.
  path: Assets/Tiles/Tilemap_color2_10.asset
  artifactKey: Guid(8cbb07a6ddfae184fb54c4d610304c9f) Importer(815301076,1909f56bfc062723c751e8b465ee728b)
Start importing Assets/Tiles/Tilemap_color2_10.asset using Guid(8cbb07a6ddfae184fb54c4d610304c9f) Importer(815301076,1909f56bfc062723c751e8b465ee728b) (PreviewImporter) -> (artifact id: '85bab144978519f612119b1a778e9781') in 0.0436955 seconds
Number of updated asset objects reloaded before import = 0Number of asset objects unloaded after import = 3

========================================================================
Received Import Request.
  Time since last request: 0.000061 seconds.
  path: Assets/Tiles/Tilemap_color2_34.asset
  artifactKey: Guid(7c67c0208de5fc141b7e65ec87111dda) Importer(815301076,1909f56bfc062723c751e8b465ee728b)
Start importing Assets/Tiles/Tilemap_color2_34.asset using Guid(7c67c0208de5fc141b7e65ec87111dda) Importer(815301076,1909f56bfc062723c751e8b465ee728b) (PreviewImporter) -> (artifact id: 'be9dbddf75c0900099229cb07e375fc2') in 0.0240727 seconds
Number of updated asset objects reloaded before import = 0Number of asset objects unloaded after import = 3

========================================================================
Received Import Request.
  Time since last request: 0.000042 seconds.
  path: Assets/Tiles/Tilemap_color2_19.asset
  artifactKey: Guid(4762fb33d4455184fa975539aa53dc0a) Importer(815301076,1909f56bfc062723c751e8b465ee728b)
Start importing Assets/Tiles/Tilemap_color2_19.asset using Guid(4762fb33d4455184fa975539aa53dc0a) Importer(815301076,1909f56bfc062723c751e8b465ee728b) (PreviewImporter) -> (artifact id: 'a3faf031cccb9b1d4de7bad1474e4905') in 0.0247833 seconds
Number of updated asset objects reloaded before import = 0Number of asset objects unloaded after import = 3

========================================================================
Received Import Request.
  Time since last request: 0.000037 seconds.
  path: Assets/Tiles/Tilemap_color2_25.asset
  artifactKey: Guid(a4bc9d69da2091341a232af73ba53def) Importer(815301076,1909f56bfc062723c751e8b465ee728b)
Start importing Assets/Tiles/Tilemap_color2_25.asset using Guid(a4bc9d69da2091341a232af73ba53def) Importer(815301076,1909f56bfc062723c751e8b465ee728b) (PreviewImporter) -> (artifact id: '7a85f88876a6758a6523de050209ea96') in 0.0259991 seconds
Number of updated asset objects reloaded before import = 0Number of asset objects unloaded after import = 3

========================================================================
Received Import Request.
  Time since last request: 0.000057 seconds.
  path: Assets/Tiles/Tilemap_color2_13.asset
  artifactKey: Guid(91d8a8499f5c71241b324a858e8b7543) Importer(815301076,1909f56bfc062723c751e8b465ee728b)
Start importing Assets/Tiles/Tilemap_color2_13.asset using Guid(91d8a8499f5c71241b324a858e8b7543) Importer(815301076,1909f56bfc062723c751e8b465ee728b) (PreviewImporter) -> (artifact id: 'c94407392285215b41d06322e2e801c6') in 0.0276955 seconds
Number of updated asset objects reloaded before import = 0Number of asset objects unloaded after import = 3

========================================================================
Received Import Request.
  Time since last request: 0.000048 seconds.
  path: Assets/Tiles/Tilemap_color2_9.asset
  artifactKey: Guid(247f60e895959d24aaaf039e7f3dc07b) Importer(815301076,1909f56bfc062723c751e8b465ee728b)
Start importing Assets/Tiles/Tilemap_color2_9.asset using Guid(247f60e895959d24aaaf039e7f3dc07b) Importer(815301076,1909f56bfc062723c751e8b465ee728b) (PreviewImporter) -> (artifact id: '20d5670742025158206613342024b5ef') in 0.0105475 seconds
Number of updated asset objects reloaded before import = 0Number of asset objects unloaded after import = 3

========================================================================
Received Import Request.
  Time since last request: 0.000038 seconds.
  path: Assets/Tiles/Tilemap_color2_40.asset
  artifactKey: Guid(b56324aef27e5fa4da8a863131d393a9) Importer(815301076,1909f56bfc062723c751e8b465ee728b)
Start importing Assets/Tiles/Tilemap_color2_40.asset using Guid(b56324aef27e5fa4da8a863131d393a9) Importer(815301076,1909f56bfc062723c751e8b465ee728b) (PreviewImporter) -> (artifact id: '23bb3137a008cc9002e8abb3f7249f2a') in 0.0245304 seconds
Number of updated asset objects reloaded before import = 0Number of asset objects unloaded after import = 3

========================================================================
Received Import Request.
  Time since last request: 0.000038 seconds.
  path: Assets/Tiles/Tilemap_color2_37.asset
  artifactKey: Guid(73a6385fb97435a40afb32c25374577e) Importer(815301076,1909f56bfc062723c751e8b465ee728b)
Start importing Assets/Tiles/Tilemap_color2_37.asset using Guid(73a6385fb97435a40afb32c25374577e) Importer(815301076,1909f56bfc062723c751e8b465ee728b) (PreviewImporter) -> (artifact id: '0a6c6ce2b1ae7b7c03ba50f1ee261a57') in 0.0247984 seconds
Number of updated asset objects reloaded before import = 0Number of asset objects unloaded after import = 3

========================================================================
Received Import Request.
  Time since last request: 0.000043 seconds.
  path: Assets/Tiles/Tilemap_color2_42.asset
  artifactKey: Guid(20d5e89333be6e74a903f58e38820d22) Importer(815301076,1909f56bfc062723c751e8b465ee728b)
Start importing Assets/Tiles/Tilemap_color2_42.asset using Guid(20d5e89333be6e74a903f58e38820d22) Importer(815301076,1909f56bfc062723c751e8b465ee728b) (PreviewImporter) -> (artifact id: '5650f6a98d1db195377610e1ce386c8c') in 0.0254686 seconds
Number of updated asset objects reloaded before import = 0Number of asset objects unloaded after import = 3

========================================================================
Received Import Request.
  Time since last request: 0.976769 seconds.
  path: Assets/Tiles/Tilemap_color3_2.asset
  artifactKey: Guid(6215171214ecb6e41a8b292b50c67dcc) Importer(815301076,1909f56bfc062723c751e8b465ee728b)
Start importing Assets/Tiles/Tilemap_color3_2.asset using Guid(6215171214ecb6e41a8b292b50c67dcc) Importer(815301076,1909f56bfc062723c751e8b465ee728b) (PreviewImporter) -> (artifact id: '85054cb93b50fadb9274046f23a3fed6') in 0.0275669 seconds
Number of updated asset objects reloaded before import = 0Number of asset objects unloaded after import = 3

========================================================================
Received Import Request.
  Time since last request: 0.000063 seconds.
  path: Assets/Tiles/Tilemap_color3_11.asset
  artifactKey: Guid(3344782d6a312de47ab18adc183fb6fb) Importer(815301076,1909f56bfc062723c751e8b465ee728b)
Start importing Assets/Tiles/Tilemap_color3_11.asset using Guid(3344782d6a312de47ab18adc183fb6fb) Importer(815301076,1909f56bfc062723c751e8b465ee728b) (PreviewImporter) -> (artifact id: 'be707ab58af980c9e561b3d71ef519a7') in 0.0255267 seconds
Number of updated asset objects reloaded before import = 0Number of asset objects unloaded after import = 3

========================================================================
Received Import Request.
  Time since last request: 0.000043 seconds.
  path: Assets/Tiles/Tilemap_color3_7.asset
  artifactKey: Guid(92583806c7cf53e4faa1f1ad80b1b55d) Importer(815301076,1909f56bfc062723c751e8b465ee728b)
Start importing Assets/Tiles/Tilemap_color3_7.asset using Guid(92583806c7cf53e4faa1f1ad80b1b55d) Importer(815301076,1909f56bfc062723c751e8b465ee728b) (PreviewImporter) -> (artifact id: 'b875f59534d10bb137702fa73de50155') in 0.0268557 seconds
Number of updated asset objects reloaded before import = 0Number of asset objects unloaded after import = 3

========================================================================
Received Import Request.
  Time since last request: 0.000036 seconds.
  path: Assets/Tiles/Tilemap_color3_22.asset
  artifactKey: Guid(342332ddd3e460b47bd49b89f11fa782) Importer(815301076,1909f56bfc062723c751e8b465ee728b)
Start importing Assets/Tiles/Tilemap_color3_22.asset using Guid(342332ddd3e460b47bd49b89f11fa782) Importer(815301076,1909f56bfc062723c751e8b465ee728b) (PreviewImporter) -> (artifact id: '277d108b190593bfe312ec2cc0728c7e') in 0.0314378 seconds
Number of updated asset objects reloaded before import = 0Number of asset objects unloaded after import = 3

========================================================================
Received Import Request.
  Time since last request: 0.000044 seconds.
  path: Assets/Tiles/Tilemap_color3_40.asset
  artifactKey: Guid(2df2d132b288c3246a157d6ae9dcba23) Importer(815301076,1909f56bfc062723c751e8b465ee728b)
Start importing Assets/Tiles/Tilemap_color3_40.asset using Guid(2df2d132b288c3246a157d6ae9dcba23) Importer(815301076,1909f56bfc062723c751e8b465ee728b) (PreviewImporter) -> (artifact id: 'c224a93be4f0ab17ae965c9c53d88f86') in 0.0115972 seconds
Number of updated asset objects reloaded before import = 0Number of asset objects unloaded after import = 3

========================================================================
Received Import Request.
  Time since last request: 0.000047 seconds.
  path: Assets/Tiles/Tilemap_color3_12.asset
  artifactKey: Guid(6ed247b39fa77f34bba1cea35933fe68) Importer(815301076,1909f56bfc062723c751e8b465ee728b)
Start importing Assets/Tiles/Tilemap_color3_12.asset using Guid(6ed247b39fa77f34bba1cea35933fe68) Importer(815301076,1909f56bfc062723c751e8b465ee728b) (PreviewImporter) -> (artifact id: 'bf8c1ce9c0afb92bf15d9e9efe8e992a') in 0.0348074 seconds
Number of updated asset objects reloaded before import = 0Number of asset objects unloaded after import = 3

========================================================================
Received Import Request.
  Time since last request: 0.000042 seconds.
  path: Assets/Tiles/Tilemap_color5_0.asset
  artifactKey: Guid(98035983d9daa704e82b03720f5d7e3b) Importer(815301076,1909f56bfc062723c751e8b465ee728b)
Start importing Assets/Tiles/Tilemap_color5_0.asset using Guid(98035983d9daa704e82b03720f5d7e3b) Importer(815301076,1909f56bfc062723c751e8b465ee728b) (PreviewImporter) -> (artifact id: 'be9402b91d9addd5b7775cdeb8f631be') in 0.0276159 seconds
Number of updated asset objects reloaded before import = 0Number of asset objects unloaded after import = 3

========================================================================
Received Import Request.
  Time since last request: 0.000034 seconds.
  path: Assets/Tiles/Tilemap_color5_6.asset
  artifactKey: Guid(ac3f8250bd76ebe4385df3ac3a289934) Importer(815301076,1909f56bfc062723c751e8b465ee728b)
Start importing Assets/Tiles/Tilemap_color5_6.asset using Guid(ac3f8250bd76ebe4385df3ac3a289934) Importer(815301076,1909f56bfc062723c751e8b465ee728b) (PreviewImporter) -> (artifact id: 'e6177f7896bbd0a74444ccd4db0502d5') in 0.0331149 seconds
Number of updated asset objects reloaded before import = 0Number of asset objects unloaded after import = 3

========================================================================
Received Import Request.
  Time since last request: 0.000037 seconds.
  path: Assets/Tiles/Tilemap_color4_16.asset
  artifactKey: Guid(3fe277a6149999048833ae99fdc09833) Importer(815301076,1909f56bfc062723c751e8b465ee728b)
Start importing Assets/Tiles/Tilemap_color4_16.asset using Guid(3fe277a6149999048833ae99fdc09833) Importer(815301076,1909f56bfc062723c751e8b465ee728b) (PreviewImporter) -> (artifact id: '3759e400c2daa3db2f8502f089b92f5c') in 0.0309624 seconds
Number of updated asset objects reloaded before import = 0Number of asset objects unloaded after import = 3

========================================================================
Received Import Request.
  Time since last request: 0.000052 seconds.
  path: Assets/Tiles/Tilemap_color3_20.asset
  artifactKey: Guid(3578ad4ae62aeeb41952391502d5394a) Importer(815301076,1909f56bfc062723c751e8b465ee728b)
Start importing Assets/Tiles/Tilemap_color3_20.asset using Guid(3578ad4ae62aeeb41952391502d5394a) Importer(815301076,1909f56bfc062723c751e8b465ee728b) (PreviewImporter) -> (artifact id: 'c00d09029add047947759ec69b526f93') in 0.0302948 seconds
Number of updated asset objects reloaded before import = 0Number of asset objects unloaded after import = 3

========================================================================
Received Import Request.
  Time since last request: 0.000034 seconds.
  path: Assets/Tiles/Tilemap_color3_37.asset
  artifactKey: Guid(27160405c64680a42bfcb254d8862135) Importer(815301076,1909f56bfc062723c751e8b465ee728b)
Start importing Assets/Tiles/Tilemap_color3_37.asset using Guid(27160405c64680a42bfcb254d8862135) Importer(815301076,1909f56bfc062723c751e8b465ee728b) (PreviewImporter) -> (artifact id: '9043c920400456e1fd2715f3c0034f36') in 0.0295632 seconds
Number of updated asset objects reloaded before import = 0Number of asset objects unloaded after import = 3

========================================================================
Received Import Request.
  Time since last request: 0.000036 seconds.
  path: Assets/Tiles/Tilemap_color3_39.asset
  artifactKey: Guid(3391a4be924e37a4b8a0386029496495) Importer(815301076,1909f56bfc062723c751e8b465ee728b)
Start importing Assets/Tiles/Tilemap_color3_39.asset using Guid(3391a4be924e37a4b8a0386029496495) Importer(815301076,1909f56bfc062723c751e8b465ee728b) (PreviewImporter) -> (artifact id: 'eb8a4afecb279b8dcfb87dc35398263e') in 0.0264986 seconds
Number of updated asset objects reloaded before import = 0Number of asset objects unloaded after import = 3

========================================================================
Received Import Request.
  Time since last request: 0.000048 seconds.
  path: Assets/Tiles/Tilemap_color5_30.asset
  artifactKey: Guid(e21dd999612c6e5498ddc68bc0e8e8c6) Importer(815301076,1909f56bfc062723c751e8b465ee728b)
Start importing Assets/Tiles/Tilemap_color5_30.asset using Guid(e21dd999612c6e5498ddc68bc0e8e8c6) Importer(815301076,1909f56bfc062723c751e8b465ee728b) (PreviewImporter) -> (artifact id: '7860236237d6c197061995b24153b122') in 0.0232106 seconds
Number of updated asset objects reloaded before import = 0Number of asset objects unloaded after import = 3

========================================================================
Received Import Request.
  Time since last request: 0.000048 seconds.
  path: Assets/Tiles/Tilemap_color3_38.asset
  artifactKey: Guid(4c8d905bcadf76241bfec90c67e5cec1) Importer(815301076,1909f56bfc062723c751e8b465ee728b)
Start importing Assets/Tiles/Tilemap_color3_38.asset using Guid(4c8d905bcadf76241bfec90c67e5cec1) Importer(815301076,1909f56bfc062723c751e8b465ee728b) (PreviewImporter) -> (artifact id: 'd1cbdcde1ee3722915aa7522f42f01ca') in 0.0271875 seconds
Number of updated asset objects reloaded before import = 0Number of asset objects unloaded after import = 3

========================================================================
Received Import Request.
  Time since last request: 0.000036 seconds.
  path: Assets/Tiles/Tilemap_color3_9.asset
  artifactKey: Guid(bd93e3b47b410e94dbf31f993a86e199) Importer(815301076,1909f56bfc062723c751e8b465ee728b)
Start importing Assets/Tiles/Tilemap_color3_9.asset using Guid(bd93e3b47b410e94dbf31f993a86e199) Importer(815301076,1909f56bfc062723c751e8b465ee728b) (PreviewImporter) -> (artifact id: 'df05c603710cf89b14064a3792202696') in 0.0093435 seconds
Number of updated asset objects reloaded before import = 0Number of asset objects unloaded after import = 3

========================================================================
Received Import Request.
  Time since last request: 0.000034 seconds.
  path: Assets/Tiles/Tilemap_color5_37.asset
  artifactKey: Guid(17e994b0c853314438ef6cd6711a329f) Importer(815301076,1909f56bfc062723c751e8b465ee728b)
Start importing Assets/Tiles/Tilemap_color5_37.asset using Guid(17e994b0c853314438ef6cd6711a329f) Importer(815301076,1909f56bfc062723c751e8b465ee728b) (PreviewImporter) -> (artifact id: '60fcfe3f41d45b9b5fcc8d99fe355351') in 0.0249045 seconds
Number of updated asset objects reloaded before import = 0Number of asset objects unloaded after import = 3

========================================================================
Received Import Request.
  Time since last request: 0.000042 seconds.
  path: Assets/Tiles/Tilemap_color3_5.asset
  artifactKey: Guid(eef6ec444f505ac45b83bcfd07b3c09c) Importer(815301076,1909f56bfc062723c751e8b465ee728b)
Start importing Assets/Tiles/Tilemap_color3_5.asset using Guid(eef6ec444f505ac45b83bcfd07b3c09c) Importer(815301076,1909f56bfc062723c751e8b465ee728b) (PreviewImporter) -> (artifact id: '853963db690cdf8c58cc330b27166342') in 0.0258962 seconds
Number of updated asset objects reloaded before import = 0Number of asset objects unloaded after import = 3

========================================================================
Received Import Request.
  Time since last request: 0.000058 seconds.
  path: Assets/Tiles/Tilemap_color4_30.asset
  artifactKey: Guid(5761cd0277349d54aaf6ee278e639d06) Importer(815301076,1909f56bfc062723c751e8b465ee728b)
Start importing Assets/Tiles/Tilemap_color4_30.asset using Guid(5761cd0277349d54aaf6ee278e639d06) Importer(815301076,1909f56bfc062723c751e8b465ee728b) (PreviewImporter) -> (artifact id: '392f4a12cc6deaddc7e5bc4184b42de7') in 0.0252404 seconds
Number of updated asset objects reloaded before import = 0Number of asset objects unloaded after import = 3

========================================================================
Received Import Request.
  Time since last request: 0.000053 seconds.
  path: Assets/Tiles/Water Background color_0.asset
  artifactKey: Guid(9a9a72fe600c0584db58b861c38f2c21) Importer(815301076,1909f56bfc062723c751e8b465ee728b)
Start importing Assets/Tiles/Water Background color_0.asset using Guid(9a9a72fe600c0584db58b861c38f2c21) Importer(815301076,1909f56bfc062723c751e8b465ee728b) (PreviewImporter) -> (artifact id: '9b4a8c4f1f0f97a2fb8b04658db14ee5') in 0.0259084 seconds
Number of updated asset objects reloaded before import = 0Number of asset objects unloaded after import = 3

========================================================================
Received Import Request.
  Time since last request: 0.000042 seconds.
  path: Assets/Tiles/Tilemap_color4_31.asset
  artifactKey: Guid(bc0a2ba650673bd40a51bc4bb4e8392e) Importer(815301076,1909f56bfc062723c751e8b465ee728b)
Start importing Assets/Tiles/Tilemap_color4_31.asset using Guid(bc0a2ba650673bd40a51bc4bb4e8392e) Importer(815301076,1909f56bfc062723c751e8b465ee728b) (PreviewImporter) -> (artifact id: '0e708ef1e32c8646b2d515885901bcf2') in 0.0296808 seconds
Number of updated asset objects reloaded before import = 0Number of asset objects unloaded after import = 3

========================================================================
Received Import Request.
  Time since last request: 0.000044 seconds.
  path: Assets/Tiles/Tilemap_color5_20.asset
  artifactKey: Guid(9dd680497b980614081b63ec91d1f885) Importer(815301076,1909f56bfc062723c751e8b465ee728b)
Start importing Assets/Tiles/Tilemap_color5_20.asset using Guid(9dd680497b980614081b63ec91d1f885) Importer(815301076,1909f56bfc062723c751e8b465ee728b) (PreviewImporter) -> (artifact id: 'bfa8f67334191e0bfecebcf9121822bf') in 0.0253276 seconds
Number of updated asset objects reloaded before import = 0Number of asset objects unloaded after import = 3

========================================================================
Received Import Request.
  Time since last request: 0.000050 seconds.
  path: Assets/Tiles/Tilemap_color5_41.asset
  artifactKey: Guid(afcbb837ab882e24b8e8238f7ddcd638) Importer(815301076,1909f56bfc062723c751e8b465ee728b)
Start importing Assets/Tiles/Tilemap_color5_41.asset using Guid(afcbb837ab882e24b8e8238f7ddcd638) Importer(815301076,1909f56bfc062723c751e8b465ee728b) (PreviewImporter) -> (artifact id: '689c49554fe2cbb575e5e75279d539b7') in 0.0267743 seconds
Number of updated asset objects reloaded before import = 0Number of asset objects unloaded after import = 3

========================================================================
Received Import Request.
  Time since last request: 0.000040 seconds.
  path: Assets/Tiles/Tilemap_color5_21.asset
  artifactKey: Guid(5349662f82522c448b11a172842be2ca) Importer(815301076,1909f56bfc062723c751e8b465ee728b)
Start importing Assets/Tiles/Tilemap_color5_21.asset using Guid(5349662f82522c448b11a172842be2ca) Importer(815301076,1909f56bfc062723c751e8b465ee728b) (PreviewImporter) -> (artifact id: 'acccb21de491610ed23e275762d76b1e') in 0.0247087 seconds
Number of updated asset objects reloaded before import = 0Number of asset objects unloaded after import = 3

========================================================================
Received Import Request.
  Time since last request: 0.000050 seconds.
  path: Assets/Tiles/Tilemap_color4_3.asset
  artifactKey: Guid(bd5b517ebb6524a43a2dbf944b5b429d) Importer(815301076,1909f56bfc062723c751e8b465ee728b)
Start importing Assets/Tiles/Tilemap_color4_3.asset using Guid(bd5b517ebb6524a43a2dbf944b5b429d) Importer(815301076,1909f56bfc062723c751e8b465ee728b) (PreviewImporter) -> (artifact id: '3d70a0fdb18df24b0cf97b146ecc6ccd') in 0.0258248 seconds
Number of updated asset objects reloaded before import = 0Number of asset objects unloaded after import = 3

========================================================================
Received Import Request.
  Time since last request: 0.000038 seconds.
  path: Assets/Tiles/Tilemap_color5_2.asset
  artifactKey: Guid(e4ec9612a162e5b4a9a1ac0120f00884) Importer(815301076,1909f56bfc062723c751e8b465ee728b)
Start importing Assets/Tiles/Tilemap_color5_2.asset using Guid(e4ec9612a162e5b4a9a1ac0120f00884) Importer(815301076,1909f56bfc062723c751e8b465ee728b) (PreviewImporter) -> (artifact id: 'b928ce85f978f962a5dbc2324b758481') in 0.0257322 seconds
Number of updated asset objects reloaded before import = 0Number of asset objects unloaded after import = 3

========================================================================
Received Import Request.
  Time since last request: 0.000049 seconds.
  path: Assets/Tiles/Tilemap_color4_29.asset
  artifactKey: Guid(68bfc0cfd8fac144a8880ec8bbe7768a) Importer(815301076,1909f56bfc062723c751e8b465ee728b)
Start importing Assets/Tiles/Tilemap_color4_29.asset using Guid(68bfc0cfd8fac144a8880ec8bbe7768a) Importer(815301076,1909f56bfc062723c751e8b465ee728b) (PreviewImporter) -> (artifact id: '1bc40dd17d19debe30982326e1ba716f') in 0.0294298 seconds
Number of updated asset objects reloaded before import = 0Number of asset objects unloaded after import = 3

========================================================================
Received Import Request.
  Time since last request: 0.000032 seconds.
  path: Assets/Tiles/Tilemap_color3_42.asset
  artifactKey: Guid(5671a7eeef7edbd4f9dc0c5b4fcaed59) Importer(815301076,1909f56bfc062723c751e8b465ee728b)
Start importing Assets/Tiles/Tilemap_color3_42.asset using Guid(5671a7eeef7edbd4f9dc0c5b4fcaed59) Importer(815301076,1909f56bfc062723c751e8b465ee728b) (PreviewImporter) -> (artifact id: '64edc79168bd78dde2ed0ec79d4d7964') in 0.0118964 seconds
Number of updated asset objects reloaded before import = 0Number of asset objects unloaded after import = 3

========================================================================
Received Import Request.
  Time since last request: 0.000048 seconds.
  path: Assets/Tiles/Tilemap_color5_42.asset
  artifactKey: Guid(65f4e92d3bb3a474f9c5e57043032c8a) Importer(815301076,1909f56bfc062723c751e8b465ee728b)
Start importing Assets/Tiles/Tilemap_color5_42.asset using Guid(65f4e92d3bb3a474f9c5e57043032c8a) Importer(815301076,1909f56bfc062723c751e8b465ee728b) (PreviewImporter) -> (artifact id: '77eb1440653a4b20c176d345e14c398a') in 0.009234 seconds
Number of updated asset objects reloaded before import = 0Number of asset objects unloaded after import = 3

========================================================================
Received Import Request.
  Time since last request: 0.000044 seconds.
  path: Assets/Tiles/Tilemap_color3_3.asset
  artifactKey: Guid(9dbdf93d99fed7a41b0bd6f6668a1548) Importer(815301076,1909f56bfc062723c751e8b465ee728b)
Start importing Assets/Tiles/Tilemap_color3_3.asset using Guid(9dbdf93d99fed7a41b0bd6f6668a1548) Importer(815301076,1909f56bfc062723c751e8b465ee728b) (PreviewImporter) -> (artifact id: '4962fc9945cd7f4a3be03cc760d57481') in 0.0244025 seconds
Number of updated asset objects reloaded before import = 0Number of asset objects unloaded after import = 3

========================================================================
Received Import Request.
  Time since last request: 0.000060 seconds.
  path: Assets/Tiles/Tilemap_color3_6.asset
  artifactKey: Guid(18bcfd0bae36dde4eaaa98d0e21a3d00) Importer(815301076,1909f56bfc062723c751e8b465ee728b)
Start importing Assets/Tiles/Tilemap_color3_6.asset using Guid(18bcfd0bae36dde4eaaa98d0e21a3d00) Importer(815301076,1909f56bfc062723c751e8b465ee728b) (PreviewImporter) -> (artifact id: '87f6abeedf712727156248e9f6419ff1') in 0.0243567 seconds
Number of updated asset objects reloaded before import = 0Number of asset objects unloaded after import = 3

========================================================================
Received Import Request.
  Time since last request: 0.000046 seconds.
  path: Assets/Tiles/Tilemap_color3_14.asset
  artifactKey: Guid(6ae9bac5c4f0b6e46aea77094e7accb7) Importer(815301076,1909f56bfc062723c751e8b465ee728b)
Start importing Assets/Tiles/Tilemap_color3_14.asset using Guid(6ae9bac5c4f0b6e46aea77094e7accb7) Importer(815301076,1909f56bfc062723c751e8b465ee728b) (PreviewImporter) -> (artifact id: 'c4aa7795660d1abb7d9a8a41ea76e2e7') in 0.0225007 seconds
Number of updated asset objects reloaded before import = 0Number of asset objects unloaded after import = 3

========================================================================
Received Import Request.
  Time since last request: 0.000036 seconds.
  path: Assets/Tiles/Tilemap_color5_3.asset
  artifactKey: Guid(9b8becdcc48659f4ca356b44b56ba3b2) Importer(815301076,1909f56bfc062723c751e8b465ee728b)
Start importing Assets/Tiles/Tilemap_color5_3.asset using Guid(9b8becdcc48659f4ca356b44b56ba3b2) Importer(815301076,1909f56bfc062723c751e8b465ee728b) (PreviewImporter) -> (artifact id: '0fe571c7ad20317a953ca123641f83b8') in 0.024128 seconds
Number of updated asset objects reloaded before import = 0Number of asset objects unloaded after import = 3

========================================================================
Received Import Request.
  Time since last request: 0.000048 seconds.
  path: Assets/Tiles/Tilemap_color5_19.asset
  artifactKey: Guid(28486dc557d450b4d8d897852541b519) Importer(815301076,1909f56bfc062723c751e8b465ee728b)
Start importing Assets/Tiles/Tilemap_color5_19.asset using Guid(28486dc557d450b4d8d897852541b519) Importer(815301076,1909f56bfc062723c751e8b465ee728b) (PreviewImporter) -> (artifact id: 'fad4eeea6aef3c835b61840e9deea68f') in 0.0262394 seconds
Number of updated asset objects reloaded before import = 0Number of asset objects unloaded after import = 3

========================================================================
Received Import Request.
  Time since last request: 0.000101 seconds.
  path: Assets/Tiles/Tilemap_color5_10.asset
  artifactKey: Guid(50843b8e4f6cfdf45b5d526e528b6522) Importer(815301076,1909f56bfc062723c751e8b465ee728b)
Start importing Assets/Tiles/Tilemap_color5_10.asset using Guid(50843b8e4f6cfdf45b5d526e528b6522) Importer(815301076,1909f56bfc062723c751e8b465ee728b) (PreviewImporter) -> (artifact id: '15c610445173dee19dd4533b9844247d') in 0.025698 seconds
Number of updated asset objects reloaded before import = 0Number of asset objects unloaded after import = 3

========================================================================
Received Import Request.
  Time since last request: 0.000040 seconds.
  path: Assets/Tiles/Tilemap_color4_14.asset
  artifactKey: Guid(2dbea6ff594386043b74807b7bf3e700) Importer(815301076,1909f56bfc062723c751e8b465ee728b)
Start importing Assets/Tiles/Tilemap_color4_14.asset using Guid(2dbea6ff594386043b74807b7bf3e700) Importer(815301076,1909f56bfc062723c751e8b465ee728b) (PreviewImporter) -> (artifact id: 'a2b7c9ffcd516bf2043be8bd0079acc4') in 0.0245135 seconds
Number of updated asset objects reloaded before import = 0Number of asset objects unloaded after import = 3

========================================================================
Received Import Request.
  Time since last request: 0.000034 seconds.
  path: Assets/Tiles/Tilemap_color5_35.asset
  artifactKey: Guid(6276c0f74fa684f4facb9c9d1b7ff2cf) Importer(815301076,1909f56bfc062723c751e8b465ee728b)
Start importing Assets/Tiles/Tilemap_color5_35.asset using Guid(6276c0f74fa684f4facb9c9d1b7ff2cf) Importer(815301076,1909f56bfc062723c751e8b465ee728b) (PreviewImporter) -> (artifact id: 'd0b44489804642675dcf7be8bb0114f3') in 0.0228435 seconds
Number of updated asset objects reloaded before import = 0Number of asset objects unloaded after import = 3

========================================================================
Received Import Request.
  Time since last request: 0.000060 seconds.
  path: Assets/Tiles/Tilemap_color5_4.asset
  artifactKey: Guid(2627fb90688b78e4e832e68a883c8531) Importer(815301076,1909f56bfc062723c751e8b465ee728b)
Start importing Assets/Tiles/Tilemap_color5_4.asset using Guid(2627fb90688b78e4e832e68a883c8531) Importer(815301076,1909f56bfc062723c751e8b465ee728b) (PreviewImporter) -> (artifact id: '287d5213e171c3cc73ff43e78ae01fba') in 0.0269008 seconds
Number of updated asset objects reloaded before import = 0Number of asset objects unloaded after import = 3

========================================================================
Received Import Request.
  Time since last request: 0.000053 seconds.
  path: Assets/Tiles/Tilemap_color5_11.asset
  artifactKey: Guid(73e61ecfd9565c246a58c3f7808361d6) Importer(815301076,1909f56bfc062723c751e8b465ee728b)
Start importing Assets/Tiles/Tilemap_color5_11.asset using Guid(73e61ecfd9565c246a58c3f7808361d6) Importer(815301076,1909f56bfc062723c751e8b465ee728b) (PreviewImporter) -> (artifact id: 'c5c9a38fb089791048b1cc25d5acdde2') in 0.0231942 seconds
Number of updated asset objects reloaded before import = 0Number of asset objects unloaded after import = 3

========================================================================
Received Import Request.
  Time since last request: 0.000039 seconds.
  path: Assets/Tiles/Tilemap_color4_22.asset
  artifactKey: Guid(db452a669a4f267418b11a87eecdfc11) Importer(815301076,1909f56bfc062723c751e8b465ee728b)
Start importing Assets/Tiles/Tilemap_color4_22.asset using Guid(db452a669a4f267418b11a87eecdfc11) Importer(815301076,1909f56bfc062723c751e8b465ee728b) (PreviewImporter) -> (artifact id: 'b41e2c9f0913fa39242842787759aeee') in 0.0244298 seconds
Number of updated asset objects reloaded before import = 0Number of asset objects unloaded after import = 3

========================================================================
Received Import Request.
  Time since last request: 0.000037 seconds.
  path: Assets/Tiles/Tilemap_color5_39.asset
  artifactKey: Guid(7f78f3189535c5c4888bd93720a685ee) Importer(815301076,1909f56bfc062723c751e8b465ee728b)
Start importing Assets/Tiles/Tilemap_color5_39.asset using Guid(7f78f3189535c5c4888bd93720a685ee) Importer(815301076,1909f56bfc062723c751e8b465ee728b) (PreviewImporter) -> (artifact id: '1c77bf5ab46721632dd45b779537a506') in 0.0249308 seconds
Number of updated asset objects reloaded before import = 0Number of asset objects unloaded after import = 3

========================================================================
Received Import Request.
  Time since last request: 0.000038 seconds.
  path: Assets/Tiles/Tilemap_color4_33.asset
  artifactKey: Guid(57cb14a905c6a3244b2849734afaddd1) Importer(815301076,1909f56bfc062723c751e8b465ee728b)
Start importing Assets/Tiles/Tilemap_color4_33.asset using Guid(57cb14a905c6a3244b2849734afaddd1) Importer(815301076,1909f56bfc062723c751e8b465ee728b) (PreviewImporter) -> (artifact id: 'bbb4d7c1b306ccbd5885508705959a91') in 0.0251899 seconds
Number of updated asset objects reloaded before import = 0Number of asset objects unloaded after import = 3

========================================================================
Received Import Request.
  Time since last request: 0.000047 seconds.
  path: Assets/Tiles/Tilemap_color4_6.asset
  artifactKey: Guid(02c766fd93edd74439957d51374164d8) Importer(815301076,1909f56bfc062723c751e8b465ee728b)
Start importing Assets/Tiles/Tilemap_color4_6.asset using Guid(02c766fd93edd74439957d51374164d8) Importer(815301076,1909f56bfc062723c751e8b465ee728b) (PreviewImporter) -> (artifact id: '1e76619c68a7b7e292583e960864a741') in 0.0250592 seconds
Number of updated asset objects reloaded before import = 0Number of asset objects unloaded after import = 3

========================================================================
Received Import Request.
  Time since last request: 0.000041 seconds.
  path: Assets/Tiles/Tilemap_color4_43.asset
  artifactKey: Guid(c6a4f2276c8861541ba426ff3cc560bd) Importer(815301076,1909f56bfc062723c751e8b465ee728b)
Start importing Assets/Tiles/Tilemap_color4_43.asset using Guid(c6a4f2276c8861541ba426ff3cc560bd) Importer(815301076,1909f56bfc062723c751e8b465ee728b) (PreviewImporter) -> (artifact id: '094d9da8657b2f1cf17481df54ca43aa') in 0.0110045 seconds
Number of updated asset objects reloaded before import = 0Number of asset objects unloaded after import = 3

========================================================================
Received Import Request.
  Time since last request: 0.000034 seconds.
  path: Assets/Tiles/Tilemap_color3_31.asset
  artifactKey: Guid(a85ef620b8d963a4bbc0e54f8445cefc) Importer(815301076,1909f56bfc062723c751e8b465ee728b)
Start importing Assets/Tiles/Tilemap_color3_31.asset using Guid(a85ef620b8d963a4bbc0e54f8445cefc) Importer(815301076,1909f56bfc062723c751e8b465ee728b) (PreviewImporter) -> (artifact id: 'e5c192315cc096f2746837a2ac527273') in 0.0299877 seconds
Number of updated asset objects reloaded before import = 0Number of asset objects unloaded after import = 3

========================================================================
Received Import Request.
  Time since last request: 0.000046 seconds.
  path: Assets/Tiles/Tilemap_color5_16.asset
  artifactKey: Guid(fb0941c1338d94e4790db43d59f7b3c4) Importer(815301076,1909f56bfc062723c751e8b465ee728b)
Start importing Assets/Tiles/Tilemap_color5_16.asset using Guid(fb0941c1338d94e4790db43d59f7b3c4) Importer(815301076,1909f56bfc062723c751e8b465ee728b) (PreviewImporter) -> (artifact id: 'bb58fb9a9b42ccafb6cc9d3b3e16d843') in 0.0260902 seconds
Number of updated asset objects reloaded before import = 0Number of asset objects unloaded after import = 3

========================================================================
Received Import Request.
  Time since last request: 112.717262 seconds.
  path: Assets/Sound/Chao_chang_trai_tre__cau_han_la_chien_binh_.mp3
  artifactKey: Guid(589e1f9840e376d4cbe8728ca05a4d01) Importer(815301076,1909f56bfc062723c751e8b465ee728b)
Start importing Assets/Sound/Chao_chang_trai_tre__cau_han_la_chien_binh_.mp3 using Guid(589e1f9840e376d4cbe8728ca05a4d01) Importer(815301076,1909f56bfc062723c751e8b465ee728b) (PreviewImporter) -> (artifact id: 'f738621b452f5f9f6e13f46ef442a43c') in 0.1126113 seconds
Number of updated asset objects reloaded before import = 0Number of asset objects unloaded after import = 2

========================================================================
Received Import Request.
  Time since last request: 0.000045 seconds.
  path: Assets/Sound/evil-creepy-laugh.mp3
  artifactKey: Guid(c3beb753e2e9d7d49805c5ff141072a4) Importer(815301076,1909f56bfc062723c751e8b465ee728b)
Start importing Assets/Sound/evil-creepy-laugh.mp3 using Guid(c3beb753e2e9d7d49805c5ff141072a4) Importer(815301076,1909f56bfc062723c751e8b465ee728b) (PreviewImporter) -> (artifact id: '7f9144a50ad479a34b32536849397f4a') in 0.0346981 seconds
Number of updated asset objects reloaded before import = 0Number of asset objects unloaded after import = 2

========================================================================
Received Import Request.
  Time since last request: 0.000168 seconds.
  path: Assets/Sound/freesound_community-health-pickup-6860.mp3
  artifactKey: Guid(f592864f28703ec4e9b7917c7de099b8) Importer(815301076,1909f56bfc062723c751e8b465ee728b)
Start importing Assets/Sound/freesound_community-health-pickup-6860.mp3 using Guid(f592864f28703ec4e9b7917c7de099b8) Importer(815301076,1909f56bfc062723c751e8b465ee728b) (PreviewImporter) -> (artifact id: '9b4415cc3fcbdfb40f5c62688828aab8') in 0.025809 seconds
Number of updated asset objects reloaded before import = 0Number of asset objects unloaded after import = 2

========================================================================
Received Import Request.
  Time since last request: 0.000033 seconds.
  path: Assets/Sound/hit-3.mp3
  artifactKey: Guid(185d8da1b107d474ab3a8b82c8482b48) Importer(815301076,1909f56bfc062723c751e8b465ee728b)
Start importing Assets/Sound/hit-3.mp3 using Guid(185d8da1b107d474ab3a8b82c8482b48) Importer(815301076,1909f56bfc062723c751e8b465ee728b) (PreviewImporter) -> (artifact id: '39a490cb1b1b3ca70ce3deb351eb87cd') in 0.0313899 seconds
Number of updated asset objects reloaded before import = 0Number of asset objects unloaded after import = 2

========================================================================
Received Import Request.
  Time since last request: 0.000039 seconds.
  path: Assets/Sound/EVILVOICE.mp3
  artifactKey: Guid(7dcbc7d81a3ba1e48bca9d3ecb3b58a7) Importer(815301076,1909f56bfc062723c751e8b465ee728b)
Start importing Assets/Sound/EVILVOICE.mp3 using Guid(7dcbc7d81a3ba1e48bca9d3ecb3b58a7) Importer(815301076,1909f56bfc062723c751e8b465ee728b) (PreviewImporter) -> (artifact id: 'c5ba0d602722e4188bad9a1c6d4814e8') in 0.0329225 seconds
Number of updated asset objects reloaded before import = 0Number of asset objects unloaded after import = 2

========================================================================
Received Import Request.
  Time since last request: 0.000053 seconds.
  path: Assets/Sound/parry_uL0Ifrr.mp3
  artifactKey: Guid(d4c7870d6a9d1d045b79e2b5060d698e) Importer(815301076,1909f56bfc062723c751e8b465ee728b)
Start importing Assets/Sound/parry_uL0Ifrr.mp3 using Guid(d4c7870d6a9d1d045b79e2b5060d698e) Importer(815301076,1909f56bfc062723c751e8b465ee728b) (PreviewImporter) -> (artifact id: '14fc6fbbef56a43be15ad0be2ed5dd4e') in 0.0374111 seconds
Number of updated asset objects reloaded before import = 0Number of asset objects unloaded after import = 2

========================================================================
Received Import Request.
  Time since last request: 0.000043 seconds.
  path: Assets/Sound/freesound_community-slimejump-6913.mp3
  artifactKey: Guid(eb02f2523fb2d2f48b67be218cdb1625) Importer(815301076,1909f56bfc062723c751e8b465ee728b)
Start importing Assets/Sound/freesound_community-slimejump-6913.mp3 using Guid(eb02f2523fb2d2f48b67be218cdb1625) Importer(815301076,1909f56bfc062723c751e8b465ee728b) (PreviewImporter) -> (artifact id: '6299610f39de4abb219d88af2ed2c759') in 0.0303633 seconds
Number of updated asset objects reloaded before import = 0Number of asset objects unloaded after import = 2

========================================================================
Received Import Request.
  Time since last request: 0.000049 seconds.
  path: Assets/Sound/Vordt of the Boreal Valley.mp3
  artifactKey: Guid(98e3b8bf1db9ef54d8e314f3e2fe8e2f) Importer(815301076,1909f56bfc062723c751e8b465ee728b)
Start importing Assets/Sound/Vordt of the Boreal Valley.mp3 using Guid(98e3b8bf1db9ef54d8e314f3e2fe8e2f) Importer(815301076,1909f56bfc062723c751e8b465ee728b) (PreviewImporter) -> (artifact id: '32ce0c0f8241b20125253d55b3f8ec85') in 0.0325044 seconds
Number of updated asset objects reloaded before import = 0Number of asset objects unloaded after import = 2

========================================================================
Received Import Request.
  Time since last request: 0.000049 seconds.
  path: Assets/Sound/fireball.mp3
  artifactKey: Guid(f1af8a82a1527a1438dde23dd84c13b1) Importer(815301076,1909f56bfc062723c751e8b465ee728b)
Start importing Assets/Sound/fireball.mp3 using Guid(f1af8a82a1527a1438dde23dd84c13b1) Importer(815301076,1909f56bfc062723c751e8b465ee728b) (PreviewImporter) -> (artifact id: '99ff69adc28117b2600647440794a8d2') in 0.03065 seconds
Number of updated asset objects reloaded before import = 0Number of asset objects unloaded after import = 2

========================================================================
Received Import Request.
  Time since last request: 0.000040 seconds.
  path: Assets/Sound/classic-hurt.mp3
  artifactKey: Guid(7051552e349b3594da5f884e36700161) Importer(815301076,1909f56bfc062723c751e8b465ee728b)
Start importing Assets/Sound/classic-hurt.mp3 using Guid(7051552e349b3594da5f884e36700161) Importer(815301076,1909f56bfc062723c751e8b465ee728b) (PreviewImporter) -> (artifact id: 'ec6d60b02ec365e0472e3e700fb15b97') in 0.0279802 seconds
Number of updated asset objects reloaded before import = 0Number of asset objects unloaded after import = 2

========================================================================
Received Import Request.
  Time since last request: 0.000034 seconds.
  path: Assets/Sound/villager.mp3
  artifactKey: Guid(2792a1594fa68e1489a5d7952598b538) Importer(815301076,1909f56bfc062723c751e8b465ee728b)
Start importing Assets/Sound/villager.mp3 using Guid(2792a1594fa68e1489a5d7952598b538) Importer(815301076,1909f56bfc062723c751e8b465ee728b) (PreviewImporter) -> (artifact id: 'e5be274d4ac9cc56b54fd916acfea39d') in 0.0295668 seconds
Number of updated asset objects reloaded before import = 0Number of asset objects unloaded after import = 2

========================================================================
Received Import Request.
  Time since last request: 0.000055 seconds.
  path: Assets/Sound/hoi-non_QbQkqwP (1).mp3
  artifactKey: Guid(c94120caeaae0344b85351ca3c5ab1d2) Importer(815301076,1909f56bfc062723c751e8b465ee728b)
Start importing Assets/Sound/hoi-non_QbQkqwP (1).mp3 using Guid(c94120caeaae0344b85351ca3c5ab1d2) Importer(815301076,1909f56bfc062723c751e8b465ee728b) (PreviewImporter) -> (artifact id: 'd88ca2d2d93c31bbd12c78c72ca765fb') in 0.0256425 seconds
Number of updated asset objects reloaded before import = 0Number of asset objects unloaded after import = 2

========================================================================
Received Import Request.
  Time since last request: 0.000048 seconds.
  path: Assets/Sound/evil-voice.wav
  artifactKey: Guid(31241a9e0ae8f454f94177885c401e4c) Importer(815301076,1909f56bfc062723c751e8b465ee728b)
Start importing Assets/Sound/evil-voice.wav using Guid(31241a9e0ae8f454f94177885c401e4c) Importer(815301076,1909f56bfc062723c751e8b465ee728b) (PreviewImporter) -> (artifact id: '378a42608058cb7bb88d07057270e648') in 0.0124965 seconds
Number of updated asset objects reloaded before import = 0Number of asset objects unloaded after import = 2

========================================================================
Received Import Request.
  Time since last request: 0.000034 seconds.
  path: Assets/Sound/mixkit-soft-quick-punch-2151.wav
  artifactKey: Guid(387fdf9e574e15848b2d52e5248c01ca) Importer(815301076,1909f56bfc062723c751e8b465ee728b)
Start importing Assets/Sound/mixkit-soft-quick-punch-2151.wav using Guid(387fdf9e574e15848b2d52e5248c01ca) Importer(815301076,1909f56bfc062723c751e8b465ee728b) (PreviewImporter) -> (artifact id: '7c1fe9b341eb11aa2b68474cab3935b3') in 0.0240413 seconds
Number of updated asset objects reloaded before import = 0Number of asset objects unloaded after import = 2

========================================================================
Received Import Request.
  Time since last request: 0.000033 seconds.
  path: Assets/Sound/NPCSound.mp3
  artifactKey: Guid(de263aa84f1f10641952df07108cfda1) Importer(815301076,1909f56bfc062723c751e8b465ee728b)
Start importing Assets/Sound/NPCSound.mp3 using Guid(de263aa84f1f10641952df07108cfda1) Importer(815301076,1909f56bfc062723c751e8b465ee728b) (PreviewImporter) -> (artifact id: 'c44ca92a10fba8cee48d64ed050f8740') in 0.0259459 seconds
Number of updated asset objects reloaded before import = 0Number of asset objects unloaded after import = 2

========================================================================
Received Import Request.
  Time since last request: 50.443575 seconds.
  path: Assets/Undead_tileset/PNG/Objects_separately/Bones_shadow1_2.png
  artifactKey: Guid(aafb05d171d5d5541891d6f0da1d97bb) Importer(815301076,1909f56bfc062723c751e8b465ee728b)
Start importing Assets/Undead_tileset/PNG/Objects_separately/Bones_shadow1_2.png using Guid(aafb05d171d5d5541891d6f0da1d97bb) Importer(815301076,1909f56bfc062723c751e8b465ee728b) (PreviewImporter) -> (artifact id: 'c2ccb680f1a989046e1bd3ecac8b043c') in 0.0278621 seconds
Number of updated asset objects reloaded before import = 0Number of asset objects unloaded after import = 3

========================================================================
Received Import Request.
  Time since last request: 0.059138 seconds.
  path: Assets/Undead_tileset/PNG/Objects_separately/Bones_shadow1_5.png
  artifactKey: Guid(0bed0c627d6e51b47bf20eaecca4f9b0) Importer(815301076,1909f56bfc062723c751e8b465ee728b)
Start importing Assets/Undead_tileset/PNG/Objects_separately/Bones_shadow1_5.png using Guid(0bed0c627d6e51b47bf20eaecca4f9b0) Importer(815301076,1909f56bfc062723c751e8b465ee728b) (PreviewImporter) -> (artifact id: 'df2b1b7696d993528e930f08efd0a9b1') in 0.0290367 seconds
Number of updated asset objects reloaded before import = 0Number of asset objects unloaded after import = 3

========================================================================
Received Import Request.
  Time since last request: 0.000041 seconds.
  path: Assets/Undead_tileset/PNG/Objects_separately/Bones_shadow1_7.png
  artifactKey: Guid(7395fc82d7dc78a4e9e2c45511690e38) Importer(815301076,1909f56bfc062723c751e8b465ee728b)
Start importing Assets/Undead_tileset/PNG/Objects_separately/Bones_shadow1_7.png using Guid(7395fc82d7dc78a4e9e2c45511690e38) Importer(815301076,1909f56bfc062723c751e8b465ee728b) (PreviewImporter) -> (artifact id: 'c40d343aa51e6f25f612ac7e866db0d6') in 0.0313902 seconds
Number of updated asset objects reloaded before import = 0Number of asset objects unloaded after import = 3

========================================================================
Received Import Request.
  Time since last request: 0.000057 seconds.
  path: Assets/Undead_tileset/PNG/Objects_separately/Bones_shadow1_15.png
  artifactKey: Guid(f0d3885991bc8374c9c121e744b91911) Importer(815301076,1909f56bfc062723c751e8b465ee728b)
Start importing Assets/Undead_tileset/PNG/Objects_separately/Bones_shadow1_15.png using Guid(f0d3885991bc8374c9c121e744b91911) Importer(815301076,1909f56bfc062723c751e8b465ee728b) (PreviewImporter) -> (artifact id: '56cbde21df2df3f21fa652a0e2d18d0a') in 0.0332949 seconds
Number of updated asset objects reloaded before import = 0Number of asset objects unloaded after import = 3

========================================================================
Received Import Request.
  Time since last request: 0.000039 seconds.
  path: Assets/Undead_tileset/PNG/Objects_separately/Bones_shadow2_1.png
  artifactKey: Guid(c6b54729e84f62041bcae5c67f1b232a) Importer(815301076,1909f56bfc062723c751e8b465ee728b)
Start importing Assets/Undead_tileset/PNG/Objects_separately/Bones_shadow2_1.png using Guid(c6b54729e84f62041bcae5c67f1b232a) Importer(815301076,1909f56bfc062723c751e8b465ee728b) (PreviewImporter) -> (artifact id: 'f11032574e1d072b38e08a9f09cb1ee9') in 0.0274616 seconds
Number of updated asset objects reloaded before import = 0Number of asset objects unloaded after import = 3

========================================================================
Received Import Request.
  Time since last request: 0.000036 seconds.
  path: Assets/Undead_tileset/PNG/Objects_separately/Bones_shadow2_4.png
  artifactKey: Guid(c34cde9878d00aa4ea5ec6644786352b) Importer(815301076,1909f56bfc062723c751e8b465ee728b)
Start importing Assets/Undead_tileset/PNG/Objects_separately/Bones_shadow2_4.png using Guid(c34cde9878d00aa4ea5ec6644786352b) Importer(815301076,1909f56bfc062723c751e8b465ee728b) (PreviewImporter) -> (artifact id: 'b79ff615b0c4dfb8cece47b19d9e2c8c') in 0.0293099 seconds
Number of updated asset objects reloaded before import = 0Number of asset objects unloaded after import = 3

========================================================================
Received Import Request.
  Time since last request: 0.000041 seconds.
  path: Assets/Undead_tileset/PNG/Objects_separately/Bones_shadow2_3.png
  artifactKey: Guid(0033d4032eaa6c346a816091d3f8dcc0) Importer(815301076,1909f56bfc062723c751e8b465ee728b)
Start importing Assets/Undead_tileset/PNG/Objects_separately/Bones_shadow2_3.png using Guid(0033d4032eaa6c346a816091d3f8dcc0) Importer(815301076,1909f56bfc062723c751e8b465ee728b) (PreviewImporter) -> (artifact id: '08cabf54bdc1307d64366513c453c29f') in 0.0284909 seconds
Number of updated asset objects reloaded before import = 0Number of asset objects unloaded after import = 3

========================================================================
Received Import Request.
  Time since last request: 0.000072 seconds.
  path: Assets/Undead_tileset/PNG/Objects_separately/Bones_shadow2_8.png
  artifactKey: Guid(b97862e84c163084797f6225097793f4) Importer(815301076,1909f56bfc062723c751e8b465ee728b)
Start importing Assets/Undead_tileset/PNG/Objects_separately/Bones_shadow2_8.png using Guid(b97862e84c163084797f6225097793f4) Importer(815301076,1909f56bfc062723c751e8b465ee728b) (PreviewImporter) -> (artifact id: '2d0afe770acbe212c075b6f25042f7ba') in 0.0355616 seconds
Number of updated asset objects reloaded before import = 0Number of asset objects unloaded after import = 3

========================================================================
Received Import Request.
  Time since last request: 0.000039 seconds.
  path: Assets/Undead_tileset/PNG/Objects_separately/Bones_shadow1_9.png
  artifactKey: Guid(314301ab6bcc1ef43bc9d585e119d5eb) Importer(815301076,1909f56bfc062723c751e8b465ee728b)
Start importing Assets/Undead_tileset/PNG/Objects_separately/Bones_shadow1_9.png using Guid(314301ab6bcc1ef43bc9d585e119d5eb) Importer(815301076,1909f56bfc062723c751e8b465ee728b) (PreviewImporter) -> (artifact id: 'd6ec0733ae880f3fbe2e8824b2c9e13e') in 0.0300589 seconds
Number of updated asset objects reloaded before import = 0Number of asset objects unloaded after import = 3

========================================================================
Received Import Request.
  Time since last request: 0.000050 seconds.
  path: Assets/Undead_tileset/PNG/Objects_separately/Bones_shadow1_18.png
  artifactKey: Guid(1195e9fe8f9992b41acd287ead4b2bdb) Importer(815301076,1909f56bfc062723c751e8b465ee728b)
Start importing Assets/Undead_tileset/PNG/Objects_separately/Bones_shadow1_18.png using Guid(1195e9fe8f9992b41acd287ead4b2bdb) Importer(815301076,1909f56bfc062723c751e8b465ee728b) (PreviewImporter) -> (artifact id: '540bfbd3581f2ea4677236a8681ea7bc') in 0.0316945 seconds
Number of updated asset objects reloaded before import = 0Number of asset objects unloaded after import = 3

========================================================================
Received Import Request.
  Time since last request: 0.000058 seconds.
  path: Assets/Undead_tileset/PNG/Objects_separately/Bones_shadow3_8.png
  artifactKey: Guid(2344b84e530d206479d974cc113d7c38) Importer(815301076,1909f56bfc062723c751e8b465ee728b)
Start importing Assets/Undead_tileset/PNG/Objects_separately/Bones_shadow3_8.png using Guid(2344b84e530d206479d974cc113d7c38) Importer(815301076,1909f56bfc062723c751e8b465ee728b) (PreviewImporter) -> (artifact id: 'a1bacd55eca7a6917c7336d9db2f2c0c') in 0.0291829 seconds
Number of updated asset objects reloaded before import = 0Number of asset objects unloaded after import = 3

========================================================================
Received Import Request.
  Time since last request: 0.000040 seconds.
  path: Assets/Undead_tileset/PNG/Objects_separately/Bones_shadow3_15.png
  artifactKey: Guid(88a10f2f1e5f1b245868d3a0d828474e) Importer(815301076,1909f56bfc062723c751e8b465ee728b)
Start importing Assets/Undead_tileset/PNG/Objects_separately/Bones_shadow3_15.png using Guid(88a10f2f1e5f1b245868d3a0d828474e) Importer(815301076,1909f56bfc062723c751e8b465ee728b) (PreviewImporter) -> (artifact id: '1428ba4cf85e9984dbd5da9e774a12ed') in 0.0303886 seconds
Number of updated asset objects reloaded before import = 0Number of asset objects unloaded after import = 3

========================================================================
Received Import Request.
  Time since last request: 0.000038 seconds.
  path: Assets/Undead_tileset/PNG/Objects_separately/Bones_shadow2_4-1.png
  artifactKey: Guid(5eba28664e06f1b4381f9adea4dcba3d) Importer(815301076,1909f56bfc062723c751e8b465ee728b)
Start importing Assets/Undead_tileset/PNG/Objects_separately/Bones_shadow2_4-1.png using Guid(5eba28664e06f1b4381f9adea4dcba3d) Importer(815301076,1909f56bfc062723c751e8b465ee728b) (PreviewImporter) -> (artifact id: '32d5f409f118451f29d2e6c9a0bda13f') in 0.0347629 seconds
Number of updated asset objects reloaded before import = 0Number of asset objects unloaded after import = 3

========================================================================
Received Import Request.
  Time since last request: 0.000048 seconds.
  path: Assets/Undead_tileset/PNG/Objects_separately/Bones_shadow3_17.png
  artifactKey: Guid(42b1b3bfec9d32e44976fb1cad9553ff) Importer(815301076,1909f56bfc062723c751e8b465ee728b)
Start importing Assets/Undead_tileset/PNG/Objects_separately/Bones_shadow3_17.png using Guid(42b1b3bfec9d32e44976fb1cad9553ff) Importer(815301076,1909f56bfc062723c751e8b465ee728b) (PreviewImporter) -> (artifact id: 'a03f6a1bc1f0abbfbb868ab9bd70baca') in 0.0343696 seconds
Number of updated asset objects reloaded before import = 0Number of asset objects unloaded after import = 3

========================================================================
Received Import Request.
  Time since last request: 0.000049 seconds.
  path: Assets/Undead_tileset/PNG/Objects_separately/Bones_shadow2_16.png
  artifactKey: Guid(34b8c0766e1f30e44bec408504ad5bc1) Importer(815301076,1909f56bfc062723c751e8b465ee728b)
Start importing Assets/Undead_tileset/PNG/Objects_separately/Bones_shadow2_16.png using Guid(34b8c0766e1f30e44bec408504ad5bc1) Importer(815301076,1909f56bfc062723c751e8b465ee728b) (PreviewImporter) -> (artifact id: '037164d112268fe4b2dc9d9ffca66ca7') in 0.0322486 seconds
Number of updated asset objects reloaded before import = 0Number of asset objects unloaded after import = 3

========================================================================
Received Import Request.
  Time since last request: 0.000035 seconds.
  path: Assets/Undead_tileset/PNG/Objects_separately/Bones_shadow2_13.png
  artifactKey: Guid(92a27de7a72df0547a0664b5572d464a) Importer(815301076,1909f56bfc062723c751e8b465ee728b)
Start importing Assets/Undead_tileset/PNG/Objects_separately/Bones_shadow2_13.png using Guid(92a27de7a72df0547a0664b5572d464a) Importer(815301076,1909f56bfc062723c751e8b465ee728b) (PreviewImporter) -> (artifact id: '79f729013edc1bb5bc85ffe94bb9e287') in 0.0305488 seconds
Number of updated asset objects reloaded before import = 0Number of asset objects unloaded after import = 3

========================================================================
Received Import Request.
  Time since last request: 0.000034 seconds.
  path: Assets/Undead_tileset/PNG/Objects_separately/Bones_shadow3_16.png
  artifactKey: Guid(707d82cc7a35d2d48be77cff6f4d2c7e) Importer(815301076,1909f56bfc062723c751e8b465ee728b)
Start importing Assets/Undead_tileset/PNG/Objects_separately/Bones_shadow3_16.png using Guid(707d82cc7a35d2d48be77cff6f4d2c7e) Importer(815301076,1909f56bfc062723c751e8b465ee728b) (PreviewImporter) -> (artifact id: '99b29dfdf0dd507ec5519c863b886aaa') in 0.0326288 seconds
Number of updated asset objects reloaded before import = 0Number of asset objects unloaded after import = 3

========================================================================
Received Import Request.
  Time since last request: 0.000044 seconds.
  path: Assets/Undead_tileset/PNG/Objects_separately/Bones_shadow2_10.png
  artifactKey: Guid(d194db678a7b583498029cd422b8903c) Importer(815301076,1909f56bfc062723c751e8b465ee728b)
Start importing Assets/Undead_tileset/PNG/Objects_separately/Bones_shadow2_10.png using Guid(d194db678a7b583498029cd422b8903c) Importer(815301076,1909f56bfc062723c751e8b465ee728b) (PreviewImporter) -> (artifact id: 'e3e3e73cf8031cf1bff15c908d616a0d') in 0.0361859 seconds
Number of updated asset objects reloaded before import = 0Number of asset objects unloaded after import = 3

========================================================================
Received Import Request.
  Time since last request: 0.000053 seconds.
  path: Assets/Undead_tileset/PNG/Objects_separately/Bones_shadow3_2.png
  artifactKey: Guid(7a29480ae834e7042acb154ab678b041) Importer(815301076,1909f56bfc062723c751e8b465ee728b)
Start importing Assets/Undead_tileset/PNG/Objects_separately/Bones_shadow3_2.png using Guid(7a29480ae834e7042acb154ab678b041) Importer(815301076,1909f56bfc062723c751e8b465ee728b) (PreviewImporter) -> (artifact id: 'ca8d0bafb387b1dffa29699cdac79aca') in 0.0290733 seconds
Number of updated asset objects reloaded before import = 0Number of asset objects unloaded after import = 3

========================================================================
Received Import Request.
  Time since last request: 0.000034 seconds.
  path: Assets/Undead_tileset/PNG/Objects_separately/Bones_shadow3_13.png
  artifactKey: Guid(6c7c971d3f5a27e4398f5d30b34ed5b1) Importer(815301076,1909f56bfc062723c751e8b465ee728b)
Start importing Assets/Undead_tileset/PNG/Objects_separately/Bones_shadow3_13.png using Guid(6c7c971d3f5a27e4398f5d30b34ed5b1) Importer(815301076,1909f56bfc062723c751e8b465ee728b) (PreviewImporter) -> (artifact id: '9c9adf6abbeda57b01cbfdafac5ab6ef') in 0.0323856 seconds
Number of updated asset objects reloaded before import = 0Number of asset objects unloaded after import = 3

========================================================================
Received Import Request.
  Time since last request: 2.219310 seconds.
  path: Assets/Undead_tileset/PNG/Objects_separately/Broken_ tree_shadow3_5.png
  artifactKey: Guid(43945757cfe48f34db13c8c318aa3c19) Importer(815301076,1909f56bfc062723c751e8b465ee728b)
Start importing Assets/Undead_tileset/PNG/Objects_separately/Broken_ tree_shadow3_5.png using Guid(43945757cfe48f34db13c8c318aa3c19) Importer(815301076,1909f56bfc062723c751e8b465ee728b) (PreviewImporter) -> (artifact id: '683fc2cb7513ae0247a6040247973cc5') in 0.0339373 seconds
Number of updated asset objects reloaded before import = 0Number of asset objects unloaded after import = 3

========================================================================
Received Import Request.
  Time since last request: 0.135679 seconds.
  path: Assets/Undead_tileset/PNG/Objects_separately/Broken_tree_shadow1_1.png
  artifactKey: Guid(a75f1ab4e5cbbaa4b9c5bea9bdaa8b4b) Importer(815301076,1909f56bfc062723c751e8b465ee728b)
Start importing Assets/Undead_tileset/PNG/Objects_separately/Broken_tree_shadow1_1.png using Guid(a75f1ab4e5cbbaa4b9c5bea9bdaa8b4b) Importer(815301076,1909f56bfc062723c751e8b465ee728b) (PreviewImporter) -> (artifact id: '3dfcfcda8af32228df65ca872776e120') in 0.0294323 seconds
Number of updated asset objects reloaded before import = 0Number of asset objects unloaded after import = 3

========================================================================
Received Import Request.
  Time since last request: 0.000037 seconds.
  path: Assets/Undead_tileset/PNG/Objects_separately/Broken_tree_shadow1_3.png
  artifactKey: Guid(bf5ac83647972d64c8e12e11eec049f3) Importer(815301076,1909f56bfc062723c751e8b465ee728b)
Start importing Assets/Undead_tileset/PNG/Objects_separately/Broken_tree_shadow1_3.png using Guid(bf5ac83647972d64c8e12e11eec049f3) Importer(815301076,1909f56bfc062723c751e8b465ee728b) (PreviewImporter) -> (artifact id: '751853a439b2a358abeae0110d7ec482') in 0.0295917 seconds
Number of updated asset objects reloaded before import = 0Number of asset objects unloaded after import = 3

========================================================================
Received Import Request.
  Time since last request: 0.000053 seconds.
  path: Assets/Undead_tileset/PNG/Objects_separately/Broken_tree_shadow1_7.png
  artifactKey: Guid(13fc2b2e3edb7264d892d51f076bd44f) Importer(815301076,1909f56bfc062723c751e8b465ee728b)
Start importing Assets/Undead_tileset/PNG/Objects_separately/Broken_tree_shadow1_7.png using Guid(13fc2b2e3edb7264d892d51f076bd44f) Importer(815301076,1909f56bfc062723c751e8b465ee728b) (PreviewImporter) -> (artifact id: 'b55454b8cdad90e9887a8acf26df91fd') in 0.0274499 seconds
Number of updated asset objects reloaded before import = 0Number of asset objects unloaded after import = 3

========================================================================
Received Import Request.
  Time since last request: 0.000037 seconds.
  path: Assets/Undead_tileset/PNG/Objects_separately/Broken_tree_shadow2_2-1.png
  artifactKey: Guid(8ea72a0dbc35ffe419ef2bbbf8c2eb20) Importer(815301076,1909f56bfc062723c751e8b465ee728b)
Start importing Assets/Undead_tileset/PNG/Objects_separately/Broken_tree_shadow2_2-1.png using Guid(8ea72a0dbc35ffe419ef2bbbf8c2eb20) Importer(815301076,1909f56bfc062723c751e8b465ee728b) (PreviewImporter) -> (artifact id: '1f9463de073d73763d0432e0c85843c6') in 0.0314618 seconds
Number of updated asset objects reloaded before import = 0Number of asset objects unloaded after import = 3

========================================================================
Received Import Request.
  Time since last request: 0.000032 seconds.
  path: Assets/Undead_tileset/PNG/Objects_separately/Crystal_shadow1_2.png
  artifactKey: Guid(09486b492c4c8b84e9cb9cdf48aeef1a) Importer(815301076,1909f56bfc062723c751e8b465ee728b)
Start importing Assets/Undead_tileset/PNG/Objects_separately/Crystal_shadow1_2.png using Guid(09486b492c4c8b84e9cb9cdf48aeef1a) Importer(815301076,1909f56bfc062723c751e8b465ee728b) (PreviewImporter) -> (artifact id: '344bd114349a3ff1e78c45a45dc73b4c') in 0.0348762 seconds
Number of updated asset objects reloaded before import = 0Number of asset objects unloaded after import = 3

========================================================================
Received Import Request.
  Time since last request: 0.000037 seconds.
  path: Assets/Undead_tileset/PNG/Objects_separately/Broken_tree_shadow2_3-1.png
  artifactKey: Guid(886a39431b35ecf40b693b493e44f334) Importer(815301076,1909f56bfc062723c751e8b465ee728b)
Start importing Assets/Undead_tileset/PNG/Objects_separately/Broken_tree_shadow2_3-1.png using Guid(886a39431b35ecf40b693b493e44f334) Importer(815301076,1909f56bfc062723c751e8b465ee728b) (PreviewImporter) -> (artifact id: '020c27042ed0d71d9ddd31f2b37f7dd4') in 0.031293 seconds
Number of updated asset objects reloaded before import = 0Number of asset objects unloaded after import = 3

========================================================================
Received Import Request.
  Time since last request: 0.000057 seconds.
  path: Assets/Undead_tileset/PNG/Objects_separately/Broken_tree_shadow2_1.png
  artifactKey: Guid(1137db57002766345b46e6372710d8b7) Importer(815301076,1909f56bfc062723c751e8b465ee728b)
Start importing Assets/Undead_tileset/PNG/Objects_separately/Broken_tree_shadow2_1.png using Guid(1137db57002766345b46e6372710d8b7) Importer(815301076,1909f56bfc062723c751e8b465ee728b) (PreviewImporter) -> (artifact id: '1bd78978dc2229f8de1d0d17ced9c071') in 0.0304487 seconds
Number of updated asset objects reloaded before import = 0Number of asset objects unloaded after import = 3

========================================================================
Received Import Request.
  Time since last request: 0.000036 seconds.
  path: Assets/Undead_tileset/PNG/Objects_separately/Crystal_shadow1_4.png
  artifactKey: Guid(f1bb0211cc347964788418b1278841ac) Importer(815301076,1909f56bfc062723c751e8b465ee728b)
Start importing Assets/Undead_tileset/PNG/Objects_separately/Crystal_shadow1_4.png using Guid(f1bb0211cc347964788418b1278841ac) Importer(815301076,1909f56bfc062723c751e8b465ee728b) (PreviewImporter) -> (artifact id: '7bb8d461644387e2f93b9ffa63ca356a') in 0.0296582 seconds
Number of updated asset objects reloaded before import = 0Number of asset objects unloaded after import = 3

========================================================================
Received Import Request.
  Time since last request: 0.062352 seconds.
  path: Assets/Undead_tileset/PNG/Objects_separately/Crystal_shadow2_4.png
  artifactKey: Guid(bbbc4b9fd8dccff4eb6022ca9ac0a6e2) Importer(815301076,1909f56bfc062723c751e8b465ee728b)
Start importing Assets/Undead_tileset/PNG/Objects_separately/Crystal_shadow2_4.png using Guid(bbbc4b9fd8dccff4eb6022ca9ac0a6e2) Importer(815301076,1909f56bfc062723c751e8b465ee728b) (PreviewImporter) -> (artifact id: 'b517e1260d7646c3dc2607fe66fb4f44') in 0.0270962 seconds
Number of updated asset objects reloaded before import = 0Number of asset objects unloaded after import = 3

========================================================================
Received Import Request.
  Time since last request: 0.153142 seconds.
  path: Assets/Undead_tileset/PNG/Objects_separately/Crystal_shadow3_4.png
  artifactKey: Guid(f0fa0bcb85015f34587148b035e2eb68) Importer(815301076,1909f56bfc062723c751e8b465ee728b)
Start importing Assets/Undead_tileset/PNG/Objects_separately/Crystal_shadow3_4.png using Guid(f0fa0bcb85015f34587148b035e2eb68) Importer(815301076,1909f56bfc062723c751e8b465ee728b) (PreviewImporter) -> (artifact id: 'a4a48f08b31d7e41132a1d333f8d839c') in 0.0337691 seconds
Number of updated asset objects reloaded before import = 0Number of asset objects unloaded after import = 3

========================================================================
Received Import Request.
  Time since last request: 0.000037 seconds.
  path: Assets/Undead_tileset/PNG/Objects_separately/Dead_arm_shadow1_3.png
  artifactKey: Guid(6cb6d01cf2424954f8a40681fa80fc15) Importer(815301076,1909f56bfc062723c751e8b465ee728b)
Start importing Assets/Undead_tileset/PNG/Objects_separately/Dead_arm_shadow1_3.png using Guid(6cb6d01cf2424954f8a40681fa80fc15) Importer(815301076,1909f56bfc062723c751e8b465ee728b) (PreviewImporter) -> (artifact id: '6eb7441c8bda26daf9d2e1af67c317f9') in 0.0354246 seconds
Number of updated asset objects reloaded before import = 0Number of asset objects unloaded after import = 3

========================================================================
Received Import Request.
  Time since last request: 0.000057 seconds.
  path: Assets/Undead_tileset/PNG/Objects_separately/Dead_arm_shadow2_2.png
  artifactKey: Guid(4a88fac3078249b4680057b3551e2014) Importer(815301076,1909f56bfc062723c751e8b465ee728b)
Start importing Assets/Undead_tileset/PNG/Objects_separately/Dead_arm_shadow2_2.png using Guid(4a88fac3078249b4680057b3551e2014) Importer(815301076,1909f56bfc062723c751e8b465ee728b) (PreviewImporter) -> (artifact id: '6c6dd6da2e43c363cf15cdd72e30b4be') in 0.0356631 seconds
Number of updated asset objects reloaded before import = 0Number of asset objects unloaded after import = 3

========================================================================
Received Import Request.
  Time since last request: 0.000039 seconds.
  path: Assets/Undead_tileset/PNG/Objects_separately/Dead_tree_shadow1_1.png
  artifactKey: Guid(d6598b8e0ea5f0c4291f481aec6ef025) Importer(815301076,1909f56bfc062723c751e8b465ee728b)
Start importing Assets/Undead_tileset/PNG/Objects_separately/Dead_tree_shadow1_1.png using Guid(d6598b8e0ea5f0c4291f481aec6ef025) Importer(815301076,1909f56bfc062723c751e8b465ee728b) (PreviewImporter) -> (artifact id: '25467a5a525ea0b95f3f7287eb80b4fe') in 0.0338842 seconds
Number of updated asset objects reloaded before import = 0Number of asset objects unloaded after import = 3

========================================================================
Received Import Request.
  Time since last request: 0.000039 seconds.
  path: Assets/Undead_tileset/PNG/Objects_separately/Grave_shadow1_2.png
  artifactKey: Guid(d9089be0b9bfb7f40abfc85578ffb25d) Importer(815301076,1909f56bfc062723c751e8b465ee728b)
Start importing Assets/Undead_tileset/PNG/Objects_separately/Grave_shadow1_2.png using Guid(d9089be0b9bfb7f40abfc85578ffb25d) Importer(815301076,1909f56bfc062723c751e8b465ee728b) (PreviewImporter) -> (artifact id: '07de7a9a1625eae31b3634819bff95a0') in 0.0328626 seconds
Number of updated asset objects reloaded before import = 0Number of asset objects unloaded after import = 3

========================================================================
Received Import Request.
  Time since last request: 0.000058 seconds.
  path: Assets/Undead_tileset/PNG/Objects_separately/Grave_shadow1_5.png
  artifactKey: Guid(940c4d1ee7b561a43bcec43604815021) Importer(815301076,1909f56bfc062723c751e8b465ee728b)
Start importing Assets/Undead_tileset/PNG/Objects_separately/Grave_shadow1_5.png using Guid(940c4d1ee7b561a43bcec43604815021) Importer(815301076,1909f56bfc062723c751e8b465ee728b) (PreviewImporter) -> (artifact id: 'ab6c21625469c47ff0d404b13cab1e35') in 0.0383433 seconds
Number of updated asset objects reloaded before import = 0Number of asset objects unloaded after import = 3

========================================================================
Received Import Request.
  Time since last request: 0.000036 seconds.
  path: Assets/Undead_tileset/PNG/Objects_separately/Grave_shadow1_12.png
  artifactKey: Guid(4e25d05d38ec776469dbdc2a0780877a) Importer(815301076,1909f56bfc062723c751e8b465ee728b)
Start importing Assets/Undead_tileset/PNG/Objects_separately/Grave_shadow1_12.png using Guid(4e25d05d38ec776469dbdc2a0780877a) Importer(815301076,1909f56bfc062723c751e8b465ee728b) (PreviewImporter) -> (artifact id: 'c14476afc6a7653f7f711db30c87a87a') in 0.0305545 seconds
Number of updated asset objects reloaded before import = 0Number of asset objects unloaded after import = 3

========================================================================
Received Import Request.
  Time since last request: 0.000057 seconds.
  path: Assets/Undead_tileset/PNG/Objects_separately/Grave_shadow1_14.png
  artifactKey: Guid(625cd20716ddce446bd996080766e2e0) Importer(815301076,1909f56bfc062723c751e8b465ee728b)
Start importing Assets/Undead_tileset/PNG/Objects_separately/Grave_shadow1_14.png using Guid(625cd20716ddce446bd996080766e2e0) Importer(815301076,1909f56bfc062723c751e8b465ee728b) (PreviewImporter) -> (artifact id: 'b4d3db3d753562a02dddb613423e6dc1') in 0.0283091 seconds
Number of updated asset objects reloaded before import = 0Number of asset objects unloaded after import = 3

========================================================================
Received Import Request.
  Time since last request: 0.000060 seconds.
  path: Assets/Undead_tileset/PNG/Objects_separately/Dead_tree_shadow3_3.png
  artifactKey: Guid(7443d3e0d2f1a9a43be66f19e4eaba1b) Importer(815301076,1909f56bfc062723c751e8b465ee728b)
Start importing Assets/Undead_tileset/PNG/Objects_separately/Dead_tree_shadow3_3.png using Guid(7443d3e0d2f1a9a43be66f19e4eaba1b) Importer(815301076,1909f56bfc062723c751e8b465ee728b) (PreviewImporter) -> (artifact id: 'd98f87f2d5c495b33818d383b64fd2e2') in 0.0359597 seconds
Number of updated asset objects reloaded before import = 0Number of asset objects unloaded after import = 3

========================================================================
Received Import Request.
  Time since last request: 0.000040 seconds.
  path: Assets/Undead_tileset/PNG/Objects_separately/Grave_shadow2_1.png
  artifactKey: Guid(413209508a912ad4e8fd6c0b7f1db792) Importer(815301076,1909f56bfc062723c751e8b465ee728b)
Start importing Assets/Undead_tileset/PNG/Objects_separately/Grave_shadow2_1.png using Guid(413209508a912ad4e8fd6c0b7f1db792) Importer(815301076,1909f56bfc062723c751e8b465ee728b) (PreviewImporter) -> (artifact id: 'd9222fee93ecca3758784790e8feef8f') in 0.0368158 seconds
Number of updated asset objects reloaded before import = 0Number of asset objects unloaded after import = 3

========================================================================
Received Import Request.
  Time since last request: 0.000048 seconds.
  path: Assets/Undead_tileset/PNG/Objects_separately/Dead_arm_shadow3_2.png
  artifactKey: Guid(36d0eab01fca0654dae0c0f3c6f62bf0) Importer(815301076,1909f56bfc062723c751e8b465ee728b)
Start importing Assets/Undead_tileset/PNG/Objects_separately/Dead_arm_shadow3_2.png using Guid(36d0eab01fca0654dae0c0f3c6f62bf0) Importer(815301076,1909f56bfc062723c751e8b465ee728b) (PreviewImporter) -> (artifact id: '6610f70800c9a71b60fc6cb891df773e') in 0.0416861 seconds
Number of updated asset objects reloaded before import = 0Number of asset objects unloaded after import = 3

========================================================================
Received Import Request.
  Time since last request: 0.000072 seconds.
  path: Assets/Undead_tileset/PNG/Objects_separately/Grave_shadow1_1.png
  artifactKey: Guid(85be2643f0d840446ad15d688cd2875b) Importer(815301076,1909f56bfc062723c751e8b465ee728b)
Start importing Assets/Undead_tileset/PNG/Objects_separately/Grave_shadow1_1.png using Guid(85be2643f0d840446ad15d688cd2875b) Importer(815301076,1909f56bfc062723c751e8b465ee728b) (PreviewImporter) -> (artifact id: '4aaef108638120388e9cc90ac2d273f8') in 0.0328967 seconds
Number of updated asset objects reloaded before import = 0Number of asset objects unloaded after import = 3

========================================================================
Received Import Request.
  Time since last request: 0.000045 seconds.
  path: Assets/Undead_tileset/PNG/Objects_separately/Dead_arm_shadow3_3.png
  artifactKey: Guid(4b2c5d167110e474ab3614caff87ba3e) Importer(815301076,1909f56bfc062723c751e8b465ee728b)
Start importing Assets/Undead_tileset/PNG/Objects_separately/Dead_arm_shadow3_3.png using Guid(4b2c5d167110e474ab3614caff87ba3e) Importer(815301076,1909f56bfc062723c751e8b465ee728b) (PreviewImporter) -> (artifact id: 'da486541c0bd59f5356719a7155fb237') in 0.037782 seconds
Number of updated asset objects reloaded before import = 0Number of asset objects unloaded after import = 3

========================================================================
Received Import Request.
  Time since last request: 53.924790 seconds.
  path: Assets/Undead_tileset/Tiled_files/DeadBase.prefab
  artifactKey: Guid(3e62b0a5537462943a29f440340f85ff) Importer(2089858483,b0f066a214c2f5e87bad3c948f4d605d)
Start importing Assets/Undead_tileset/Tiled_files/DeadBase.prefab using Guid(3e62b0a5537462943a29f440340f85ff) Importer(2089858483,b0f066a214c2f5e87bad3c948f4d605d) (ScriptedImporter) -> (artifact id: '26d087f572f14cd48e46475876f86120') in 0.2310635 seconds
Number of updated asset objects reloaded before import = 0Number of asset objects unloaded after import = 10

========================================================================
Received Import Request.
  Time since last request: 17.829801 seconds.
  path: Assets/Undead_tileset/Tiled_files/DeadBase.prefab
  artifactKey: Guid(3e62b0a5537462943a29f440340f85ff) Importer(2089858483,b0f066a214c2f5e87bad3c948f4d605d)
Start importing Assets/Undead_tileset/Tiled_files/DeadBase.prefab using Guid(3e62b0a5537462943a29f440340f85ff) Importer(2089858483,b0f066a214c2f5e87bad3c948f4d605d) (ScriptedImporter) -> (artifact id: '6068610bdba0c635f9415776f7341ca1') in 0.0331774 seconds
Number of updated asset objects reloaded before import = 0Number of asset objects unloaded after import = 10

========================================================================
Received Import Request.
  Time since last request: 4.841839 seconds.
  path: Assets/Undead_tileset/Tiled_files/DeadBase.prefab
  artifactKey: Guid(3e62b0a5537462943a29f440340f85ff) Importer(2089858483,b0f066a214c2f5e87bad3c948f4d605d)
Start importing Assets/Undead_tileset/Tiled_files/DeadBase.prefab using Guid(3e62b0a5537462943a29f440340f85ff) Importer(2089858483,b0f066a214c2f5e87bad3c948f4d605d) (ScriptedImporter) -> (artifact id: '9eb9ab69723ce1861912a1744dfb4b9e') in 0.027953 seconds
Number of updated asset objects reloaded before import = 0Number of asset objects unloaded after import = 10

========================================================================
Received Import Request.
  Time since last request: 15.633351 seconds.
  path: Assets/Tiles/Ground_rocks_6.asset
  artifactKey: Guid(1d962ea0cbd66c24487862046a93ee36) Importer(2089858483,b0f066a214c2f5e87bad3c948f4d605d)
Start importing Assets/Tiles/Ground_rocks_6.asset using Guid(1d962ea0cbd66c24487862046a93ee36) Importer(2089858483,b0f066a214c2f5e87bad3c948f4d605d) (ScriptedImporter) -> (artifact id: '2d6d8ba2457ea12f6ca5210bfe5510ce') in 0.0395356 seconds
Number of updated asset objects reloaded before import = 0Number of asset objects unloaded after import = 2

========================================================================
Received Import Request.
  Time since last request: 0.000053 seconds.
  path: Assets/Tiles/Ground_rocks_5.asset
  artifactKey: Guid(820036529c3280342b5fe169d7c34d6b) Importer(2089858483,b0f066a214c2f5e87bad3c948f4d605d)
Start importing Assets/Tiles/Ground_rocks_5.asset using Guid(820036529c3280342b5fe169d7c34d6b) Importer(2089858483,b0f066a214c2f5e87bad3c948f4d605d) (ScriptedImporter) -> (artifact id: '560d44d0cefa0aa9856bea198ccbc753') in 0.0264581 seconds
Number of updated asset objects reloaded before import = 0Number of asset objects unloaded after import = 2

Editor requested this worker to shutdown with reason: Scaling down because of idle timeout
AssetImportWorker is now disconnected from the server
Process exiting
Exiting without the bug reporter. Application will terminate with return code 0